X,Y,Z,azimuth,dip,polarity,formation
139.08,-138.94,329.64,271,32,1,ground1
80.14,-251.44,365.83,272,28,1,ground1
504.30,-102.47,389.52,102,1,1,ground1
82.15,-85.44,364.91,270,29,1,ground1
145.05,-43.53,325.99,268,31,1,ground1
373.60,-89.54,369.34,88,10,1,ground1
548.04,-40.28,382.61,272,26,1,ground1
33.45,-117.04,380.17,271,5,1,ground1
-6.49,-191.82,372.87,89,23,1,ground1
464.66,44.40,386.59,85,8,1,ground1
564.96,-202.98,371.43,269,48,1,ground1
537.19,72.75,386.86,265,13,1,ground1
287.25,59.82,361.46,136,1,1,ground1
302.12,68.42,361.68,81,1,1,ground1
149.52,-112.98,323.38,271,31,1,ground1
52.92,-268.53,377.06,261,17,1,ground1
458.50,6.63,385.69,93,9,1,ground1
26.06,16.00,380.35,126,5,1,ground1
-62.33,-176.44,344.70,90,29,1,ground1
229.93,-91.73,300.64,261,3,1,ground1
227.54,-41.37,300.81,259,3,1,ground1
235.69,-215.48,300.34,276,2,1,ground1
487.36,-269.71,388.98,85,5,1,ground1
547.09,-276.43,383.45,266,24,1,ground1
66.90,-277.32,372.08,274,23,1,ground1
333.98,-35.85,363.53,81,5,1,ground1
543.88,-89.95,384.17,272,23,1,ground1
-54.40,-221.84,349.15,90,29,1,ground1
106.39,-17.55,350.59,271,32,1,ground1
226.90,41.07,300.85,281,3,1,ground1
106.23,68.41,350.72,269,32,1,ground1
302.44,16.78,361.71,78,1,1,ground1
375.43,-278.99,369.59,92,11,1,ground1
288.55,-137.70,361.49,54,1,1,ground1
429.11,-282.51,380.52,90,11,1,ground1
226.56,-224.50,300.87,258,3,1,ground1
503.22,-255.09,389.70,123,2,1,ground1
233.08,-103.93,300.58,261,3,1,ground1
575.73,62.39,355.50,270,69,1,ground1
266.64,2.29,361.54,262,1,1,ground1
-4.69,-250.49,373.53,86,22,1,ground1
15.63,-86.80,379.10,88,13,1,ground1
-4.22,28.98,373.75,87,21,1,ground1
-54.94,-71.29,348.86,90,29,1,ground1
285.55,-93.99,361.42,155,0,1,ground1
446.91,-231.05,383.80,92,10,1,ground1
163.69,-121.78,315.92,266,26,1,ground1
266.72,-45.39,361.53,262,1,1,ground1
40.84,9.14,379.86,287,9,1,ground1
235.84,-298.14,300.31,266,2,1,ground1
531.43,-271.40,387.86,261,10,1,ground1
531.66,-63.12,387.52,263,8,1,ground1
117.61,-191.19,343.40,270,33,1,ground1
566.72,71.21,370.53,273,50,1,ground1
555.08,-203.56,379.03,272,28,1,ground1
10.59,58.65,378.26,78,13,1,ground1
235.82,-250.70,300.33,264,2,1,ground1
223.94,-139.22,301.06,280,4,1,ground1
8.65,-225.20,377.75,83,13,1,ground1
316.95,-294.90,362.26,77,3,1,ground1
574.45,-252.81,358.89,270,69,1,ground1
361.68,18.08,367.16,86,9,1,ground1
133.42,-69.44,333.19,270,33,1,ground1
39.06,59.37,379.84,296,8,1,ground1
271.71,-24.29,361.52,249,1,1,ground1
556.91,16.15,378.28,269,35,1,ground1
235.87,69.48,300.32,274,2,1,ground1
8.61,-189.77,377.86,95,13,1,ground1
568.43,-64.26,367.40,270,47,1,ground1
266.64,0.09,361.54,262,1,1,ground1
271.55,-265.06,361.51,291,1,1,ground1
23.70,-250.69,380.19,59,5,1,ground1
566.94,-241.29,369.75,269,50,1,ground1
575.73,-247.20,355.50,270,69,1,ground1
266.72,-48.84,361.54,262,1,1,ground1
51.84,-216.39,377.29,259,16,1,ground1
266.60,-172.64,361.52,262,1,1,ground1
-8.69,-131.37,372.01,90,23,1,ground1
15.93,-146.07,379.14,90,13,1,ground1
422.72,-209.58,379.23,89,11,1,ground1
347.43,-243.96,365.05,86,8,1,ground1
458.08,-241.33,385.63,87,9,1,ground1
230.93,49.66,300.72,281,3,1,ground1
504.24,-285.09,389.70,178,1,1,ground1
489.54,-219.16,389.14,103,3,1,ground1
562.12,-273.70,374.58,271,37,1,ground1
106.00,-268.89,350.84,269,32,1,ground1
316.98,59.89,362.27,102,3,1,ground1
-19.02,-276.13,367.59,88,25,1,ground1
494.37,65.85,389.57,73,3,1,ground1
569.76,75.83,366.87,269,53,1,ground1
361.76,-253.12,367.17,93,9,1,ground1
377.57,-6.51,370.01,88,11,1,ground1
198.16,-294.80,304.14,281,10,1,ground1
475.95,-11.88,387.97,93,7,1,ground1
529.01,-144.04,387.94,273,6,1,ground1
497.26,-146.07,389.40,105,1,1,ground1
574.45,-282.65,358.89,270,69,1,ground1
556.48,45.69,378.54,266,35,1,ground1
84.87,-122.46,363.30,271,30,1,ground1
236.81,-77.04,300.31,264,2,1,ground1
212.01,-200.01,302.21,260,7,1,ground1
453.04,49.92,384.87,90,9,1,ground1
528.12,-116.79,388.06,270,6,1,ground1
309.32,-114.95,361.96,82,3,1,ground1
529.51,-292.64,388.20,281,8,1,ground1
239.56,-130.69,300.18,279,1,1,ground1
543.50,23.56,384.74,273,21,1,ground1
317.89,-9.23,362.33,81,3,1,ground1
235.90,17.52,300.33,276,2,1,ground1
32.89,-87.42,380.22,265,5,1,ground1
302.43,-70.34,361.71,103,1,1,ground1
169.95,-294.80,312.88,274,24,1,ground1
183.81,-303.40,307.66,263,17,1,ground1
93.60,8.29,358.38,271,30,1,ground1
156.71,68.41,319.32,271,28,1,ground1
392.29,-94.25,372.95,90,12,1,ground1
89.35,-139.89,360.84,268,29,1,ground1
-9.02,-70.25,371.89,90,23,1,ground1
15.22,-174.18,379.10,93,13,1,ground1
574.45,-121.22,358.89,270,69,1,ground1
429.14,47.54,380.53,90,11,1,ground1
271.66,-212.21,361.51,291,1,1,ground1
92.64,-173.75,358.95,272,30,1,ground1
490.17,-15.18,389.19,78,3,1,ground1
512.81,-291.44,389.58,281,2,1,ground1
399.08,-170.01,374.37,90,12,1,ground1
569.27,-19.98,366.68,270,48,1,ground1
32.05,-56.99,380.13,264,4,1,ground1
235.09,-157.03,300.43,277,2,1,ground1
455.84,-256.16,385.26,92,9,1,ground1
131.27,34.03,334.54,270,33,1,ground1
184.11,16.84,307.78,280,17,1,ground1
67.23,59.80,371.98,275,24,1,ground1
188.27,-87.07,306.69,277,16,1,ground1
563.27,-156.45,372.79,269,47,1,ground1
38.21,-242.04,379.93,242,7,1,ground1
575.73,-209.96,355.50,270,69,1,ground1
40.02,-7.30,379.91,257,9,1,ground1
482.86,-41.69,388.55,82,4,1,ground1
108.68,-86.41,349.13,269,33,1,ground1
431.78,-159.28,381.01,89,11,1,ground1
568.04,-143.59,367.66,270,46,1,ground1
404.60,13.28,375.53,90,12,1,ground1
534.08,25.37,387.34,264,10,1,ground1
331.80,68.48,363.28,84,5,1,ground1
-53.73,54.17,349.53,90,29,1,ground1
-44.04,-281.74,354.88,90,28,1,ground1
266.54,54.93,361.53,258,1,1,ground1
93.55,-8.91,358.41,269,30,1,ground1
414.00,-115.62,377.46,90,12,1,ground1
287.94,-43.75,361.47,131,1,1,ground1
183.26,-217.32,308.07,279,18,1,ground1
52.72,-251.13,377.14,279,16,1,ground1
364.83,-34.31,367.70,88,10,1,ground1
470.03,-100.62,387.21,86,7,1,ground1
-15.23,-4.02,369.18,87,24,1,ground1
363.55,-218.83,367.47,87,10,1,ground1
520.49,-130.67,388.87,269,6,1,ground1
543.84,-143.52,384.19,268,23,1,ground1
198.27,59.82,304.12,259,10,1,ground1
131.01,-268.96,334.70,270,33,1,ground1
82.68,-68.02,364.62,271,29,1,ground1
57.83,-72.45,375.96,270,21,1,ground1
-62.16,-236.61,344.80,90,29,1,ground1
565.99,-223.00,370.55,269,49,1,ground1
-3.51,67.78,374.18,92,20,1,ground1
156.81,34.03,319.39,268,28,1,ground1
382.79,-176.44,371.07,91,11,1,ground1
423.07,-129.88,379.28,89,11,1,ground1
567.44,24.22,369.33,270,51,1,ground1
563.30,-76.91,372.76,271,47,1,ground1
568.85,-41.07,367.04,270,48,1,ground1
144.04,8.23,326.61,268,31,1,ground1
-55.02,-11.36,348.81,90,29,1,ground1
575.73,-37.23,355.50,270,69,1,ground1
-62.90,-266.31,344.40,90,29,1,ground1
24.38,-303.25,380.32,58,4,1,ground1
482.22,-192.35,388.49,97,5,1,ground1
346.49,60.10,364.87,97,7,1,ground1
66.10,-44.04,372.37,274,23,1,ground1
507.78,-32.79,389.58,305,2,1,ground1
450.14,-18.97,384.34,91,10,1,ground1
235.83,-268.08,300.33,276,2,1,ground1
494.68,54.70,389.51,91,3,1,ground1
539.62,-16.24,385.86,266,14,1,ground1
123.63,-112.64,339.51,270,33,1,ground1
183.90,68.41,307.63,277,17,1,ground1
531.49,-170.47,387.54,276,7,1,ground1
418.54,-145.76,378.37,91,11,1,ground1
549.29,-267.27,382.47,273,23,1,ground1
196.16,-174.04,304.72,264,11,1,ground1
334.45,-147.28,363.64,99,6,1,ground1
199.60,-43.53,304.00,263,10,1,ground1
-31.47,2.88,361.50,91,28,1,ground1
226.18,-192.47,300.90,282,4,1,ground1
404.04,-82.04,375.41,90,12,1,ground1
521.34,72.19,389.20,271,4,1,ground1
574.45,-3.71,358.89,270,69,1,ground1
155.65,-200.00,320.02,268,28,1,ground1
300.34,-87.97,361.66,79,1,1,ground1
64.84,-146.88,373.09,267,21,1,ground1
545.57,-169.39,383.62,268,24,1,ground1
456.04,-183.89,385.25,92,9,1,ground1
416.62,-273.66,378.00,91,12,1,ground1
575.73,-16.45,355.50,270,69,1,ground1
287.96,-191.09,361.48,50,1,1,ground1
271.45,-72.27,361.50,250,1,1,ground1
42.23,-102.53,379.40,274,5,1,ground1
128.75,-165.02,336.18,270,33,1,ground1
-15.26,59.40,369.45,87,24,1,ground1
441.16,-304.99,382.83,89,10,1,ground1
287.69,-60.81,361.47,51,1,1,ground1
463.83,-305.55,386.56,87,8,1,ground1
501.62,-174.39,389.48,184,1,1,ground1
332.27,17.08,363.38,81,5,1,ground1
226.78,-276.09,300.86,258,3,1,ground1
-5.71,-266.99,373.16,94,21,1,ground1
266.53,-292.90,361.51,282,1,1,ground1
236.80,-86.76,300.28,278,2,1,ground1
350.05,-44.49,365.42,94,8,1,ground1
530.64,-208.07,387.71,260,11,1,ground1
486.48,-176.96,388.83,85,5,1,ground1
350.24,-191.36,365.43,86,8,1,ground1
274.71,-14.33,361.45,249,1,1,ground1
416.66,38.67,181.01,89,12,1,ground2
574.45,44.82,161.89,270,69,1,ground2
106.23,68.41,205.72,269,32,1,ground2
-30.31,-238.69,217.09,90,28,1,ground2
-62.47,-116.46,199.63,90,29,1,ground2
283.26,-100.37,216.44,155,0,1,ground2
553.10,-181.17,183.15,273,25,1,ground2
556.91,16.15,181.28,269,35,1,ground2
452.60,-136.43,187.73,89,10,1,ground2
547.07,-248.67,186.19,268,20,1,ground2
348.04,-8.59,168.12,86,8,1,ground2
537.29,-2.81,189.55,276,15,1,ground2
283.01,-15.71,216.40,49,1,1,ground2
216.47,62.44,218.57,277,6,1,ground2
394.69,-30.31,176.46,90,12,1,ground2
67.01,-294.66,227.08,265,24,1,ground2
180.76,-215.18,163.96,279,18,1,ground2
545.95,3.89,186.84,264,21,1,ground2
288.16,-261.07,216.39,78,2,1,ground2
328.75,-45.07,165.92,99,3,1,ground2
185.51,49.90,161.65,277,10,1,ground2
41.66,-71.52,234.43,269,5,1,ground2
14.61,-56.92,233.99,88,13,1,ground2
375.46,60.54,172.59,92,11,1,ground2
555.03,60.95,182.35,271,34,1,ground2
567.14,55.00,172.58,270,50,1,ground2
333.45,-25.09,166.61,99,5,1,ground2
574.45,58.16,161.89,270,69,1,ground2
52.72,-251.13,232.14,279,16,1,ground2
574.45,-295.57,161.89,270,69,1,ground2
-2.65,7.15,229.31,92,21,1,ground2
65.59,-189.70,227.59,266,23,1,ground2
548.82,41.58,185.78,275,24,1,ground2
334.62,-86.00,166.78,84,6,1,ground2
416.59,69.42,181.01,90,12,1,ground2
377.61,-228.60,173.01,92,11,1,ground2
209.65,-183.89,219.24,277,11,1,ground2
272.30,-303.40,216.46,255,1,1,ground2
398.20,-112.40,177.19,90,12,1,ground2
226.83,-191.32,217.88,282,4,1,ground2
154.02,-165.24,175.87,272,29,1,ground2
-30.98,-207.11,216.75,90,28,1,ground2
466.42,30.64,189.80,93,8,1,ground2
215.08,67.60,218.76,277,6,1,ground2
157.77,-34.90,173.87,272,28,1,ground2
543.88,-89.95,187.17,272,23,1,ground2
93.32,-277.46,213.55,271,30,1,ground2
345.93,-134.71,167.78,90,7,1,ground2
180.79,-203.30,164.04,262,18,1,ground2
180.91,-303.11,163.55,263,17,1,ground2
253.20,-120.59,216.82,255,1,1,ground2
185.45,-289.56,161.61,263,17,1,ground2
210.66,-56.06,219.21,279,10,1,ground2
92.73,-191.19,213.90,268,30,1,ground2
536.79,-230.44,189.61,264,14,1,ground2
181.07,-261.80,164.12,280,17,1,ground2
8.65,-225.20,232.75,83,13,1,ground2
181.00,-310.01,163.79,263,17,1,ground2
66.57,-242.61,227.23,266,23,1,ground2
333.48,-30.85,166.56,81,5,1,ground2
40.84,9.14,234.86,287,9,1,ground2
37.64,-224.78,234.96,299,6,1,ground2
418.54,-145.76,181.37,91,11,1,ground2
347.33,8.88,168.03,94,8,1,ground2
210.68,-49.05,219.24,263,10,1,ground2
503.73,-306.60,192.82,29,1,1,ground2
562.76,-308.39,177.26,270,39,1,ground2
283.11,48.61,216.47,49,0,1,ground2
210.13,56.30,219.13,277,6,1,ground2
10.46,39.89,233.18,101,13,1,ground2
-3.51,67.78,229.18,92,20,1,ground2
517.35,-211.75,192.31,274,3,1,ground2
134.46,-86.78,187.52,270,33,1,ground2
472.01,-237.13,190.52,93,7,1,ground2
131.13,-303.39,189.63,270,33,1,ground2
288.15,-256.88,216.40,49,1,1,ground2
574.45,-195.94,161.89,270,69,1,ground2
517.85,-21.86,192.30,267,3,1,ground2
283.07,-128.12,216.50,54,1,1,ground2
242.75,16.85,217.11,276,2,1,ground2
105.59,-217.12,206.10,269,32,1,ground2
-38.95,-191.84,212.55,90,28,1,ground2
210.04,-232.39,219.24,264,10,1,ground2
564.08,-180.87,175.17,269,47,1,ground2
464.63,-279.28,189.59,95,8,1,ground2
496.94,10.03,192.41,75,1,1,ground2
416.54,-304.42,181.00,90,12,1,ground2
127.38,-147.50,192.06,270,33,1,ground2
550.90,-19.04,184.41,275,29,1,ground2
521.34,72.19,192.20,271,4,1,ground2
389.66,-303.93,175.42,90,12,1,ground2
564.96,-202.98,174.43,269,48,1,ground2
10.59,58.65,233.26,78,13,1,ground2
327.76,51.09,165.91,80,3,1,ground2
106.14,-303.38,205.78,271,32,1,ground2
56.80,-161.75,231.33,269,20,1,ground2
32.89,-87.42,235.22,265,5,1,ground2
-62.47,-86.46,199.63,90,29,1,ground2
566.97,7.70,172.72,271,50,1,ground2
410.33,-36.19,179.70,90,12,1,ground2
494.68,54.70,192.51,91,3,1,ground2
334.67,-93.79,166.71,84,6,1,ground2
570.35,32.28,168.77,270,51,1,ground2
464.71,-23.11,189.55,85,8,1,ground2
568.85,-41.07,170.04,270,48,1,ground2
186.08,-51.51,161.47,263,10,1,ground2
456.04,-183.89,188.25,92,9,1,ground2
-30.86,-303.37,216.93,90,28,1,ground2
574.45,-94.00,161.89,270,69,1,ground2
335.12,12.32,166.57,81,5,1,ground2
212.22,-120.21,218.86,281,9,1,ground2
-39.73,-131.43,212.15,90,28,1,ground2
364.83,-34.31,170.70,88,10,1,ground2
328.91,-174.38,165.94,99,3,1,ground2
562.73,-103.23,176.11,271,46,1,ground2
337.06,-119.97,166.84,85,6,1,ground2
440.75,-188.22,185.68,88,11,1,ground2
566.72,71.21,173.53,273,50,1,ground2
144.04,8.23,181.61,268,31,1,ground2
348.18,-226.64,168.14,94,8,1,ground2
460.69,-66.55,188.98,93,9,1,ground2
328.70,-54.15,165.99,80,3,1,ground2
412.39,-181.42,180.14,90,12,1,ground2
58.51,-132.93,230.48,271,22,1,ground2
156.56,-269.00,174.52,272,28,1,ground2
-4.69,-250.49,228.53,86,22,1,ground2
181.35,-22.53,163.88,260,17,1,ground2
214.95,-213.66,218.95,279,7,1,ground2
530.53,57.95,191.03,261,8,1,ground2
403.21,-296.34,178.24,90,12,1,ground2
423.14,-25.10,182.31,91,11,1,ground2
347.43,-243.96,168.05,86,8,1,ground2
272.46,34.01,216.48,249,1,1,ground2
181.36,-29.97,163.89,279,17,1,ground2
93.87,-43.19,213.21,272,30,1,ground2
511.61,-186.52,192.42,297,1,1,ground2
551.41,-156.45,184.00,271,23,1,ground2
67.86,-60.32,226.65,264,23,1,ground2
216.51,40.18,218.60,261,6,1,ground2
163.69,-121.78,170.92,266,26,1,ground2
560.61,23.88,178.63,270,35,1,ground2
363.55,-218.83,170.47,87,10,1,ground2
181.15,28.12,164.02,260,17,1,ground2
422.72,-209.58,182.23,89,11,1,ground2
15.93,-146.07,234.14,90,13,1,ground2
283.28,-47.05,216.46,131,1,1,ground2
571.33,-292.82,167.80,270,54,1,ground2
288.06,-74.02,216.40,51,1,1,ground2
257.28,-191.24,216.72,278,1,1,ground2
539.62,-16.24,188.86,266,14,1,ground2
535.02,-195.02,189.83,278,10,1,ground2
169.95,-294.80,167.88,274,24,1,ground2
377.57,-6.51,173.01,88,11,1,ground2
494.53,-289.44,192.50,89,3,1,ground2
332.68,-306.91,166.38,96,5,1,ground2
210.27,0.11,219.27,264,10,1,ground2
157.32,-17.62,174.12,268,28,1,ground2
143.87,42.63,181.71,272,31,1,ground2
172.32,-60.92,167.03,273,23,1,ground2
414.00,-115.62,180.46,90,12,1,ground2
568.13,-273.25,171.74,268,52,1,ground2
-32.19,-85.98,216.14,90,28,1,ground2
106.00,-268.89,205.84,269,32,1,ground2
42.23,-102.53,234.40,274,5,1,ground2
563.92,-294.48,176.25,268,42,1,ground2
560.35,-241.40,178.92,271,35,1,ground2
566.94,-241.29,172.75,269,50,1,ground2
429.00,62.43,183.52,89,11,1,ground2
570.60,-304.43,168.56,270,52,1,ground2
24.38,-303.25,235.32,58,4,1,ground2
79.69,-199.55,221.03,272,27,1,ground2
453.36,-97.07,187.86,91,10,1,ground2
328.08,3.41,165.90,100,3,1,ground2
108.68,-86.41,204.13,269,33,1,ground2
185.50,48.59,161.63,277,10,1,ground2
403.24,61.34,178.25,90,12,1,ground2
570.86,-280.36,168.34,270,53,1,ground2
481.96,-247.27,191.57,84,6,1,ground2
428.98,-297.42,183.51,91,11,1,ground2
361.23,35.07,170.08,94,9,1,ground2
404.60,13.28,178.53,90,12,1,ground2
-16.79,-22.94,223.39,91,23,1,ground2
210.05,-236.22,219.25,277,10,1,ground2
288.07,-80.13,216.38,79,1,1,ground2
169.76,-243.19,168.08,273,24,1,ground2
520.56,-102.96,191.86,271,6,1,ground2
336.71,-195.91,166.72,100,5,1,ground2
210.13,-283.84,219.24,264,10,1,ground2
283.19,-2.18,216.48,49,1,1,ground2
259.74,-93.59,216.63,268,1,1,ground2
529.72,67.70,191.21,285,8,1,ground2
216.74,-11.61,218.58,261,6,1,ground2
392.64,-221.73,176.03,90,12,1,ground2
417.47,22.92,181.18,91,12,1,ground2
564.11,-52.49,175.15,271,47,1,ground2
327.78,-282.86,165.88,100,3,1,ground2
489.54,-219.16,192.14,103,3,1,ground2
118.20,-225.82,198.03,270,33,1,ground2
288.27,-209.07,216.38,77,2,1,ground2
404.04,-82.04,178.41,90,12,1,ground2
568.75,-297.82,171.07,272,52,1,ground2
555.08,-203.56,182.03,272,28,1,ground2
332.75,-260.60,166.54,99,5,1,ground2
-13.96,-207.25,224.69,90,22,1,ground2
185.03,-182.49,162.10,264,11,1,ground2
-54.94,-71.29,203.86,90,29,1,ground2
257.78,-8.96,216.71,278,1,1,ground2
242.54,-268.99,217.11,276,2,1,ground2
452.61,-298.56,187.83,92,9,1,ground2
186.07,-53.15,161.46,279,10,1,ground2
118.38,-243.08,197.91,270,33,1,ground2
-6.86,-221.77,227.74,92,23,1,ground2
215.14,34.14,218.86,261,6,1,ground2
185.48,-286.69,161.70,281,10,1,ground2
512.82,66.77,192.63,293,3,1,ground2
432.83,-236.24,184.23,89,11,1,ground2
515.46,35.35,192.52,270,3,1,ground2
480.94,-147.89,191.42,85,6,1,ground2
351.24,-64.12,168.57,86,8,1,ground2
574.45,-68.25,161.89,270,69,1,ground2
567.51,-258.08,172.26,269,51,1,ground2
431.78,-159.28,184.01,89,11,1,ground2
567.36,39.63,172.39,269,51,1,ground2
156.48,-251.79,174.57,268,28,1,ground2
-54.57,-191.60,204.06,90,29,1,ground2
282.92,-194.50,216.42,50,1,1,ground2
120.31,-60.68,196.66,270,33,1,ground2
178.34,-171.06,164.44,278,18,1,ground2
130.57,-217.24,189.99,270,33,1,ground2
545.56,-237.38,186.93,276,21,1,ground2
474.76,52.24,190.92,90,7,1,ground2
185.52,50.96,161.67,277,10,1,ground2
186.08,-52.81,161.47,279,10,1,ground2
468.15,-38.38,189.98,92,8,1,ground2
180.93,68.66,163.56,277,17,1,ground2
283.19,0.95,216.48,130,1,1,ground2
288.26,-211.91,216.39,131,1,1,ground2
67.33,42.67,226.91,266,24,1,ground2
84.87,-122.46,218.30,271,30,1,ground2
7.57,-160.97,232.29,90,13,1,ground2
574.45,-44.67,161.89,270,69,1,ground2
535.20,-38.54,189.81,263,10,1,ground2
288.32,-26.84,216.38,78,2,1,ground2
156.90,16.83,174.34,272,28,1,ground2
186.11,-48.94,161.55,279,17,1,ground2
258.09,-43.31,216.70,262,1,1,ground2
170.12,42.63,167.91,273,24,1,ground2
7.41,-38.36,232.45,88,13,1,ground2
272.56,-199.90,216.48,249,1,1,ground2
93.55,-8.91,213.41,269,30,1,ground2
498.11,32.13,192.63,87,2,1,ground2
325.86,-106.86,165.72,84,6,1,ground2
13.44,1.92,233.85,79,9,1,ground2
382.79,-176.44,174.07,91,11,1,ground2
362.64,-103.55,170.31,89,10,1,ground2
443.48,-30.99,13.16,88,10,1,ground3
122.52,51.62,22.21,270,33,1,ground3
183.78,-269.01,51.90,280,17,1,ground3
257.53,42.62,43.71,278,1,1,ground3
490.17,-15.18,19.19,78,3,1,ground3
547.63,14.78,13.01,272,21,1,ground3
332.00,-269.36,45.36,82,5,1,ground3
440.46,-178.18,12.69,88,11,1,ground3
126.68,74.70,19.54,270,33,1,ground3
200.53,-60.92,47.80,279,10,1,ground3
570.86,-280.36,-4.66,270,53,1,ground3
396.48,-23.11,55.83,90,12,1,ground3
213.11,16.86,46.09,279,6,1,ground3
56.80,-161.75,58.33,269,20,1,ground3
-61.35,67.91,27.25,90,29,1,ground3
92.96,-225.64,40.76,272,30,1,ground3
526.05,-184.09,18.29,264,8,1,ground3
122.46,-286.46,22.24,270,33,1,ground3
126.70,27.49,19.51,270,33,1,ground3
152.06,-229.57,65.81,268,31,1,ground3
497.71,-266.80,19.64,91,2,1,ground3
564.96,-202.98,1.43,269,48,1,ground3
198.69,-8.97,48.14,277,10,1,ground3
171.46,-43.56,56.38,267,23,1,ground3
185.03,-34.90,51.54,279,17,1,ground3
553.10,-181.17,10.15,273,25,1,ground3
380.64,-194.00,52.62,88,11,1,ground3
213.03,34.04,46.09,261,6,1,ground3
497.26,-146.07,19.40,105,1,1,ground3
398.61,-145.65,56.28,90,12,1,ground3
530.96,-25.32,17.68,280,11,1,ground3
569.01,-286.30,-2.15,269,53,1,ground3
152.25,8.47,65.64,268,31,1,ground3
272.64,-84.48,43.48,294,1,1,ground3
480.94,-147.89,18.42,85,6,1,ground3
567.36,39.63,-0.61,269,51,1,ground3
193.64,-139.31,49.34,276,13,1,ground3
489.54,-219.16,19.14,103,3,1,ground3
553.18,-283.60,10.67,272,26,1,ground3
119.05,-42.16,24.49,270,33,1,ground3
53.16,-303.31,59.07,278,17,1,ground3
574.45,-195.94,-11.11,270,69,1,ground3
288.55,-137.70,43.49,54,1,1,ground3
547.09,-276.43,13.45,266,24,1,ground3
125.75,-168.47,20.12,270,33,1,ground3
153.88,-92.30,64.71,268,31,1,ground3
404.70,30.63,57.55,89,12,1,ground3
464.66,44.40,16.59,85,8,1,ground3
-38.85,-253.45,39.59,90,28,1,ground3
556.68,-250.23,8.41,271,35,1,ground3
377.57,-6.51,52.01,88,11,1,ground3
302.06,-303.42,43.67,99,1,1,ground3
300.34,-87.97,43.66,79,1,1,ground3
66.90,-277.32,54.08,274,23,1,ground3
364.83,-201.22,49.70,92,10,1,ground3
557.48,-266.52,7.91,268,36,1,ground3
402.35,-182.20,57.05,90,12,1,ground3
448.01,-234.11,14.01,92,10,1,ground3
388.56,-141.21,54.19,90,12,1,ground3
517.85,-21.86,19.30,267,3,1,ground3
7.58,-101.53,59.26,90,12,1,ground3
456.05,21.32,15.29,88,9,1,ground3
402.35,-179.67,57.06,90,12,1,ground3
156.56,-256.04,63.61,268,28,1,ground3
517.35,-211.75,19.31,274,3,1,ground3
106.39,-17.55,32.59,271,32,1,ground3
522.62,52.04,18.94,279,5,1,ground3
183.90,68.41,51.63,277,17,1,ground3
287.72,-9.13,43.47,49,1,1,ground3
486.48,-176.96,18.83,85,5,1,ground3
543.50,23.56,14.74,273,21,1,ground3
346.49,60.10,46.87,97,7,1,ground3
507.08,-159.55,19.49,40,1,1,ground3
21.11,-200.35,61.69,58,8,1,ground3
443.80,35.06,13.21,88,10,1,ground3
346.60,-278.14,46.93,94,7,1,ground3
512.82,66.77,19.63,293,3,1,ground3
156.66,21.40,63.56,272,28,1,ground3
302.44,-251.82,43.71,102,1,1,ground3
443.35,-310.21,13.22,89,10,1,ground3
537.29,-2.81,16.55,276,15,1,ground3
568.85,-41.07,-2.96,270,48,1,ground3
80.57,68.42,47.67,269,28,1,ground3
181.20,-165.36,52.75,278,18,1,ground3
334.45,-147.28,45.64,99,6,1,ground3
541.07,44.90,15.52,262,16,1,ground3
395.74,-173.74,55.67,90,12,1,ground3
481.41,-85.83,18.46,95,6,1,ground3
316.98,59.89,44.27,102,3,1,ground3
58.51,-132.93,57.48,271,22,1,ground3
452.61,-298.56,14.83,92,9,1,ground3
551.48,-76.95,10.97,269,23,1,ground3
500.66,-230.94,19.60,61,2,1,ground3
317.99,-225.93,44.34,99,3,1,ground3
400.59,-239.93,56.69,90,12,1,ground3
9.44,-276.87,59.90,78,14,1,ground3
478.70,26.03,18.22,86,5,1,ground3
562.73,-103.23,3.11,271,46,1,ground3
15.93,-146.07,61.14,90,13,1,ground3
361.14,-303.63,49.01,93,10,1,ground3
174.96,-95.74,55.06,266,21,1,ground3
536.79,-230.44,16.61,264,14,1,ground3
150.32,-131.35,66.72,271,32,1,ground3
272.79,-17.66,43.48,249,1,1,ground3
485.38,47.52,18.89,76,4,1,ground3
84.87,-122.46,45.30,271,30,1,ground3
398.40,-141.11,56.23,90,12,1,ground3
526.31,-49.58,18.26,276,8,1,ground3
476.27,-69.87,17.92,87,5,1,ground3
543.84,-143.52,14.19,268,23,1,ground3
152.28,4.09,65.70,268,31,1,ground3
404.68,-267.79,57.54,90,12,1,ground3
51.16,-198.10,59.54,281,16,1,ground3
443.25,-205.26,13.13,91,10,1,ground3
560.35,-241.40,5.92,271,35,1,ground3
446.23,-13.13,13.65,91,10,1,ground3
521.12,-306.91,19.21,268,4,1,ground3
-39.79,-101.26,39.12,90,28,1,ground3
10.46,39.89,60.18,101,13,1,ground3
447.14,-143.88,13.78,89,10,1,ground3
569.28,-213.38,-3.32,270,48,1,ground3
52.62,-16.54,59.02,280,16,1,ground3
126.42,-216.04,19.69,270,33,1,ground3
37.64,-224.78,61.96,299,6,1,ground3
446.21,-6.72,13.67,88,10,1,ground3
198.16,-294.80,48.14,281,10,1,ground3
126.10,-191.83,19.87,270,33,1,ground3
440.71,-70.05,12.74,91,11,1,ground3
574.45,-307.33,-11.11,270,69,1,ground3
402.35,-200.45,57.05,90,12,1,ground3
555.03,60.95,9.35,271,34,1,ground3
319.43,-173.58,44.42,99,3,1,ground3
161.66,-88.87,60.81,274,27,1,ground3
549.29,-267.27,12.47,273,23,1,ground3
188.84,-335.13,167.77,90,69,1,fault1
188.82,-352.55,167.71,90,69,1,fault1
243.11,-29.30,308.41,90,69,1,fault1
277.58,-26.30,397.75,90,69,1,fault1
146.20,-54.73,57.27,90,69,1,fault1
127.24,-84.43,8.15,90,69,1,fault1
295.82,37.42,445.01,90,69,1,fault1
197.74,-65.32,190.84,90,69,1,fault1
215.43,-221.80,236.68,90,69,1,fault1
189.06,-230.35,168.35,90,69,1,fault1
204.98,-274.44,209.59,90,69,1,fault1
139.08,-328.45,38.83,90,69,1,fault1
283.75,-114.92,413.72,90,69,1,fault1
174.45,-163.55,130.48,90,69,1,fault1
168.44,-69.43,114.91,90,69,1,fault1
129.46,-338.32,13.90,90,69,1,fault1
177.84,-148.18,139.27,90,69,1,fault1
312.21,-363.38,487.49,90,69,1,fault1
149.34,-250.78,65.41,90,69,1,fault1
209.85,-62.64,222.21,90,69,1,fault1
149.07,-159.89,64.70,90,69,1,fault1
167.18,-334.23,111.65,90,69,1,fault1
259.21,15.19,350.13,90,69,1,fault1
215.71,-274.47,237.41,90,69,1,fault1
278.00,-268.15,398.84,90,69,1,fault1
258.55,-114.52,348.42,90,69,1,fault1
311.87,-39.26,486.61,90,69,1,fault1
286.12,75.99,419.86,90,69,1,fault1
204.94,67.78,209.50,90,69,1,fault1
158.69,-27.41,89.64,90,69,1,fault1
302.55,-84.55,462.45,90,69,1,fault1
193.54,-204.29,179.96,90,69,1,fault1
172.62,-361.14,125.74,90,69,1,fault1
177.88,-115.44,139.38,90,69,1,fault1
287.10,-281.92,422.41,90,69,1,fault1
268.22,-69.10,373.47,90,69,1,fault1
204.83,-120.74,209.21,90,69,1,fault1
247.91,-273.77,320.85,90,69,1,fault1
264.74,-114.59,364.46,90,69,1,fault1
305.69,-129.63,470.59,90,69,1,fault1
165.43,-26.34,107.11,90,69,1,fault1
296.32,-144.81,446.30,90,69,1,fault1
137.03,21.55,33.51,90,69,1,fault1
187.86,-166.67,165.23,90,69,1,fault1
232.02,-10.99,279.68,90,69,1,fault1
231.93,-352.65,279.43,90,69,1,fault1
293.26,-189.98,438.38,90,69,1,fault1
286.08,-334.09,419.75,90,69,1,fault1
198.93,-10.36,193.91,90,69,1,fault1
183.42,-361.25,153.72,90,69,1,fault1
127.30,-24.25,8.29,90,69,1,fault1
130.35,-159.62,16.19,90,69,1,fault1
215.74,67.71,237.47,90,69,1,fault1
221.12,-300.58,251.43,90,69,1,fault1
226.04,-203.40,264.18,90,69,1,fault1
134.86,-340.21,27.88,90,69,1,fault1
204.91,50.48,209.41,90,69,1,fault1
164.37,-268.50,104.36,90,69,1,fault1
215.71,50.38,237.41,90,69,1,fault1
248.66,-38.05,322.80,90,69,1,fault1
291.36,102.11,433.44,90,69,1,fault1
149.87,20.89,66.79,90,69,1,fault1
231.92,-335.30,279.40,90,69,1,fault1
278.25,-205.06,399.46,90,69,1,fault1
188.54,-7.97,167.00,90,69,1,fault1
307.44,81.21,475.12,90,69,1,fault1
145.04,75.49,54.25,90,69,1,fault1
253.26,-282.33,334.72,90,69,1,fault1
177.84,24.68,139.26,90,69,1,fault1
139.10,69.51,38.87,90,69,1,fault1
286.89,-129.99,421.87,90,69,1,fault1
194.13,50.64,181.48,90,69,1,fault1
257.85,-81.81,346.61,90,69,1,fault1
134.83,81.36,27.81,90,69,1,fault1
224.84,-147.38,261.05,90,69,1,fault1
258.99,67.53,349.57,90,69,1,fault1
315.26,66.01,495.38,90,69,1,fault1
214.27,-105.42,233.67,90,69,1,fault1
312.18,104.27,487.40,90,69,1,fault1
210.35,-283.19,223.52,90,69,1,fault1
194.27,-256.71,181.84,90,69,1,fault1
210.19,-78.56,223.09,90,69,1,fault1
276.03,-10.47,393.71,90,69,1,fault1
242.73,93.66,307.43,90,69,1,fault1
210.37,-352.65,223.56,90,69,1,fault1
248.00,-162.65,321.07,90,69,1,fault1
149.17,-129.84,64.98,90,69,1,fault1
150.11,-9.49,67.39,90,69,1,fault1
302.28,-24.16,461.75,90,69,1,fault1
167.94,-250.92,113.60,90,69,1,fault1
231.86,-283.06,279.25,90,69,1,fault1
226.54,102.33,265.47,90,69,1,fault1
268.87,-194.89,375.16,90,69,1,fault1
237.29,-326.57,293.34,90,69,1,fault1
302.08,6.35,461.22,90,69,1,fault1
183.36,67.79,153.57,90,69,1,fault1
169.01,-39.04,116.39,90,69,1,fault1
232.05,-28.70,279.75,90,69,1,fault1
194.25,-309.06,181.80,90,69,1,fault1
158.57,-145.35,89.32,90,69,1,fault1
147.10,6.29,59.59,90,69,1,fault1
255.00,-200.34,339.23,90,69,1,fault1
237.67,-38.17,294.31,90,69,1,fault1
302.58,-204.96,462.52,90,69,1,fault1
242.81,24.11,307.63,90,69,1,fault1
230.19,-138.42,274.92,90,69,1,fault1
184.25,-217.80,155.87,90,69,1,fault1
178.49,-282.20,140.95,90,69,1,fault1
210.37,-300.58,223.56,90,69,1,fault1
286.90,-99.76,421.89,90,69,1,fault1
161.81,-361.04,97.72,90,69,1,fault1
221.01,-248.14,251.13,90,69,1,fault1
231.73,-230.24,278.93,90,69,1,fault1
135.51,-355.14,29.57,90,69,1,fault1
240.52,-138.99,301.70,90,69,1,fault1
275.10,-190.95,391.30,90,69,1,fault1
220.99,-28.01,251.09,90,69,1,fault1
265.02,-181.78,365.19,90,69,1,fault1
306.79,96.14,473.43,90,69,1,fault1
155.34,-281.75,80.95,90,69,1,fault1
215.41,-53.71,236.62,90,69,1,fault1
127.33,5.91,8.37,90,69,1,fault1
243.36,-193.95,309.06,90,69,1,fault1
203.01,-152.09,204.50,90,69,1,fault1
140.46,38.03,42.40,90,69,1,fault1
130.40,-69.42,16.33,90,69,1,fault1
191.10,-55.84,173.63,90,69,1,fault1
136.70,-250.28,32.64,90,69,1,fault1
312.87,-338.47,489.18,90,69,1,fault1
293.17,-99.72,438.13,90,69,1,fault1
231.94,93.66,279.46,90,69,1,fault1
311.73,21.31,486.22,90,69,1,fault1
167.38,-297.89,112.16,90,69,1,fault1
305.59,-280.87,470.32,90,69,1,fault1
258.45,-254.72,348.17,90,69,1,fault1
163.87,-204.90,103.07,90,69,1,fault1
246.17,-144.52,316.34,90,69,1,fault1
194.14,-132.72,181.50,90,69,1,fault1
178.53,-223.91,141.06,90,69,1,fault1
136.75,-280.72,32.79,90,69,1,fault1
242.78,41.56,307.55,90,69,1,fault1
264.81,-83.62,364.63,90,69,1,fault1
226.54,-361.33,265.47,90,69,1,fault1
149.01,-189.93,64.55,90,69,1,fault1
127.24,-234.81,8.14,90,69,1,fault1
146.46,37.33,57.94,90,69,1,fault1
305.34,-8.93,469.68,90,69,1,fault1
156.29,93.34,83.41,90,69,1,fault1
145.56,93.95,55.62,90,69,1,fault1
296.30,-84.64,446.24,90,69,1,fault1
149.24,-99.72,65.15,90,69,1,fault1
305.68,-220.02,470.56,90,69,1,fault1
130.25,-310.33,15.95,90,69,1,fault1
302.53,-235.31,462.39,90,69,1,fault1
221.14,76.35,251.48,90,69,1,fault1
183.34,50.59,153.52,90,69,1,fault1
296.05,-24.61,445.60,90,69,1,fault1
297.27,-334.33,448.75,90,69,1,fault1
252.90,-229.99,333.79,90,69,1,fault1
130.12,-363.27,15.60,90,69,1,fault1
204.40,-204.31,208.08,90,69,1,fault1
283.79,-84.78,413.83,90,69,1,fault1
277.69,-176.38,398.02,90,69,1,fault1
215.47,-87.41,236.77,90,69,1,fault1
167.15,93.56,111.57,90,69,1,fault1
283.78,-145.30,413.79,90,69,1,fault1
275.14,-334.21,391.40,90,69,1,fault1
292.29,-9.30,435.85,90,69,1,fault1
127.23,-144.56,8.10,90,69,1,fault1
183.62,-255.02,154.25,90,69,1,fault1
156.31,-352.02,83.48,90,69,1,fault1
130.09,104.38,15.51,90,69,1,fault1
283.79,-55.21,413.82,90,69,1,fault1
286.83,-251.26,421.71,90,69,1,fault1
253.72,-10.66,335.91,90,69,1,fault1
236.39,-167.32,290.99,90,69,1,fault1
188.77,76.46,167.59,90,69,1,fault1
280.50,-361.03,405.29,90,69,1,fault1
315.06,-234.84,494.87,90,69,1,fault1
204.98,-361.32,209.59,90,69,1,fault1
127.35,36.19,8.42,90,69,1,fault1
199.56,76.46,195.54,90,69,1,fault1
296.16,-296.24,445.89,90,69,1,fault1
291.96,-324.54,435.01,90,69,1,fault1
281.60,15.01,408.14,90,69,1,fault1
293.23,-159.92,438.29,90,69,1,fault1
168.16,-100.00,114.19,90,69,1,fault1
268.70,-254.43,374.73,90,69,1,fault1
178.34,-299.98,140.55,90,69,1,fault1
140.28,-361.87,41.92,90,69,1,fault1
199.44,-230.74,195.24,90,69,1,fault1
197.75,-117.31,190.86,90,69,1,fault1
221.10,-283.15,251.37,90,69,1,fault1
293.17,-129.82,438.14,90,69,1,fault1
215.76,-361.33,237.53,90,69,1,fault1
221.04,-10.58,251.20,90,69,1,fault1
220.96,-62.67,251.00,90,69,1,fault1
285.99,-352.01,419.54,90,69,1,fault1
185.19,-64.05,158.32,90,69,1,fault1
255.57,-130.47,340.69,90,69,1,fault1
237.27,-309.17,293.28,90,69,1,fault1
136.70,-69.49,32.65,90,69,1,fault1
178.07,-334.85,139.85,90,69,1,fault1
302.02,102.87,461.08,90,69,1,fault1
221.10,24.29,251.38,90,69,1,fault1
257.98,-183.71,346.94,90,69,1,fault1
194.23,-326.50,181.75,90,69,1,fault1
146.00,-144.80,56.75,90,69,1,fault1
149.10,-220.23,64.78,90,69,1,fault1
253.48,-352.54,335.29,90,69,1,fault1
198.35,-194.88,192.41,90,69,1,fault1
177.27,-181.93,137.78,90,69,1,fault1
137.00,-9.02,33.42,90,69,1,fault1
237.32,-361.32,293.40,90,69,1,fault1
286.02,93.38,419.61,90,69,1,fault1
184.34,-115.04,156.12,90,69,1,fault1
264.28,-352.38,363.28,90,69,1,fault1
177.98,93.65,139.63,90,69,1,fault1
199.58,-248.32,195.60,90,69,1,fault1
249.90,-129.96,326.00,90,69,1,fault1
166.81,23.78,110.68,90,69,1,fault1
274.47,-219.14,389.69,90,69,1,fault1
263.97,-299.94,362.47,90,69,1,fault1
158.49,-235.91,89.12,90,69,1,fault1
277.63,-55.07,397.87,90,69,1,fault1
293.11,-39.97,437.99,90,69,1,fault1
248.05,-326.45,321.22,90,69,1,fault1
315.06,-54.35,494.86,90,69,1,fault1
218.67,-136.24,245.06,90,69,1,fault1
165.05,-84.81,106.11,90,69,1,fault1
204.99,-309.23,209.63,90,69,1,fault1
150.96,-360.98,69.59,90,69,1,fault1
155.67,-69.81,81.80,90,69,1,fault1
130.53,-9.09,16.66,90,69,1,fault1
139.82,-84.56,40.74,90,69,1,fault1
311.94,-219.86,486.77,90,69,1,fault1
136.79,-39.39,32.87,90,69,1,fault1
237.19,-203.47,293.06,90,69,1,fault1
237.33,102.33,293.43,90,69,1,fault1
226.25,-221.42,264.72,90,69,1,fault1
160.75,-0.88,94.97,90,69,1,fault1
302.08,-297.24,461.23,90,69,1,fault1
312.84,79.32,489.10,90,69,1,fault1
167.65,-219.27,112.86,90,69,1,fault1
215.75,-309.29,237.51,90,69,1,fault1
172.60,102.30,125.68,90,69,1,fault1
311.85,-280.41,486.55,90,69,1,fault1
140.25,-297.11,41.85,90,69,1,fault1
188.73,42.07,167.48,90,69,1,fault1
149.31,-69.76,65.33,90,69,1,fault1
248.26,15.39,321.75,90,69,1,fault1
173.57,-255.03,128.19,90,69,1,fault1
242.93,-11.13,307.95,90,69,1,fault1
315.07,-114.49,494.89,90,69,1,fault1
315.78,94.24,496.72,90,69,1,fault1
156.17,75.90,83.11,90,69,1,fault1
302.51,-54.47,462.35,90,69,1,fault1
172.50,67.53,125.41,90,69,1,fault1
226.54,50.30,265.46,90,69,1,fault1
136.62,-219.96,32.45,90,69,1,fault1
210.36,93.70,223.53,90,69,1,fault1
199.57,93.72,195.58,90,69,1,fault1
215.75,102.34,237.52,90,69,1,fault1
274.98,-297.85,390.99,90,69,1,fault1
305.34,52.91,469.67,90,69,1,fault1
242.63,-300.34,307.16,90,69,1,fault1
208.07,-106.86,217.62,90,69,1,fault1
315.05,-264.97,494.85,90,69,1,fault1
145.03,-334.36,54.24,90,69,1,fault1
315.08,-174.63,494.91,90,69,1,fault1
161.73,-306.19,97.51,90,69,1,fault1
275.36,41.00,391.98,90,69,1,fault1
274.36,-161.79,389.40,90,69,1,fault1
237.35,67.63,293.48,90,69,1,fault1
231.88,-300.52,279.32,90,69,1,fault1
198.44,-178.29,192.64,90,69,1,fault1
231.61,-82.37,278.61,90,69,1,fault1
302.02,-361.87,461.07,90,69,1,fault1
225.21,-166.42,262.02,90,69,1,fault1
255.48,-64.54,340.46,90,69,1,fault1
247.84,-256.28,320.66,90,69,1,fault1
248.44,-203.63,322.23,90,69,1,fault1
231.97,24.15,279.53,90,69,1,fault1
236.80,-92.48,292.04,90,69,1,fault1
210.14,-230.77,222.96,90,69,1,fault1
127.26,-54.36,8.19,90,69,1,fault1
221.14,-335.32,251.49,90,69,1,fault1
219.97,-175.69,248.45,90,69,1,fault1
193.99,-165.78,181.13,90,69,1,fault1
291.97,66.27,435.04,90,69,1,fault1
207.20,-139.18,215.35,90,69,1,fault1
411.61,-115.46,48.96,90,54,1,fault2
300.94,48.85,199.54,90,54,1,fault2
411.67,-145.57,48.89,90,54,1,fault2
353.34,-309.53,128.24,90,54,1,fault2
266.19,-275.14,246.81,90,54,1,fault2
293.19,-72.08,210.07,90,54,1,fault2
240.38,-105.79,281.93,90,54,1,fault2
292.98,-283.41,210.36,90,54,1,fault2
303.67,-40.60,195.82,90,54,1,fault2
380.63,-177.01,91.11,90,54,1,fault2
245.30,-56.62,275.23,90,54,1,fault2
342.21,-107.25,143.38,90,54,1,fault2
311.30,-177.75,185.44,90,54,1,fault2
399.08,-302.56,66.01,90,54,1,fault2
418.41,-337.92,39.71,90,54,1,fault2
318.30,48.66,175.91,90,54,1,fault2
266.29,-360.28,246.67,90,54,1,fault2
239.71,-253.19,282.84,90,54,1,fault2
309.70,-334.93,187.61,90,54,1,fault2
326.92,-351.99,164.19,90,54,1,fault2
408.26,-278.23,53.52,90,54,1,fault2
427.02,-70.76,28.00,90,54,1,fault2
254.92,-27.06,262.14,90,54,1,fault2
260.74,-40.15,254.23,90,54,1,fault2
245.18,-116.01,275.40,90,54,1,fault2
427.04,-190.20,27.97,90,54,1,fault2
309.18,-11.98,188.32,90,54,1,fault2
410.14,3.63,50.96,90,54,1,fault2
237.00,51.23,286.52,90,54,1,fault2
427.07,-160.42,27.94,90,54,1,fault2
363.20,-12.24,114.83,90,54,1,fault2
365.64,-130.52,111.51,90,54,1,fault2
292.65,-300.61,210.81,90,54,1,fault2
426.98,-41.06,28.05,90,54,1,fault2
416.67,-353.64,42.08,90,54,1,fault2
353.83,-274.93,127.58,90,54,1,fault2
364.31,-68.77,113.32,90,54,1,fault2
240.27,-125.42,282.08,90,54,1,fault2
240.40,-75.79,281.90,90,54,1,fault2
411.51,-234.33,49.10,90,54,1,fault2
288.10,-56.90,217.00,90,54,1,fault2
247.39,13.32,272.38,90,54,1,fault2
309.60,-57.01,187.76,90,54,1,fault2
241.13,-291.76,280.90,90,54,1,fault2
390.84,-176.47,77.23,90,54,1,fault2
381.53,-24.61,89.88,90,54,1,fault2
365.00,-230.34,112.38,90,54,1,fault2
346.97,-229.50,136.90,90,54,1,fault2
437.32,-130.50,13.98,90,54,1,fault2
266.06,48.33,246.99,90,54,1,fault2
240.22,-323.09,282.15,90,54,1,fault2
370.14,99.55,105.38,90,54,1,fault2
426.64,-11.52,28.52,90,54,1,fault2
316.17,-124.82,178.81,90,54,1,fault2
257.96,-300.39,258.01,90,54,1,fault2
292.27,74.21,211.33,90,54,1,fault2
352.78,-360.53,129.00,90,54,1,fault2
341.18,-91.07,144.78,90,54,1,fault2
273.06,-175.09,237.46,90,54,1,fault2
361.59,91.11,117.01,90,54,1,fault2
240.38,-110.75,281.93,90,54,1,fault2
292.30,-351.94,211.29,90,54,1,fault2
426.73,-249.15,28.39,90,54,1,fault2
437.08,-310.22,14.32,90,54,1,fault2
274.68,23.33,235.26,90,54,1,fault2
371.37,-276.00,103.71,90,54,1,fault2
320.54,-219.15,172.87,90,54,1,fault2
442.36,-264.53,7.13,90,54,1,fault2
239.65,-342.21,282.92,90,54,1,fault2
302.47,-257.33,197.45,90,54,1,fault2
395.79,-69.92,70.48,90,54,1,fault2
427.31,-314.38,27.60,90,54,1,fault2
390.95,-115.27,77.08,90,54,1,fault2
336.11,14.30,151.68,90,54,1,fault2
240.12,-164.28,282.28,90,54,1,fault2
442.37,3.41,7.11,90,54,1,fault2
274.82,-334.70,235.07,90,54,1,fault2
319.55,-202.65,174.21,90,54,1,fault2
380.97,-146.00,90.65,90,54,1,fault2
353.13,48.69,128.52,90,54,1,fault2
328.30,-63.67,162.30,90,54,1,fault2
427.20,-330.93,27.75,90,54,1,fault2
420.90,55.60,36.33,90,54,1,fault2
259.32,-160.53,256.16,90,54,1,fault2
270.88,-218.45,240.42,90,54,1,fault2
371.64,-258.87,103.35,90,54,1,fault2
344.19,91.08,140.69,90,54,1,fault2
271.01,-101.61,240.26,90,54,1,fault2
303.91,-222.56,195.49,90,54,1,fault2
265.92,-325.76,247.17,90,54,1,fault2
346.73,-29.92,137.24,90,54,1,fault2
236.03,-315.35,287.84,90,54,1,fault2
274.72,-10.36,235.20,90,54,1,fault2
255.44,-56.20,261.43,90,54,1,fault2
274.91,74.03,234.95,90,54,1,fault2
283.48,15.12,223.29,90,54,1,fault2
417.46,79.39,41.00,90,54,1,fault2
379.34,-8.56,92.87,90,54,1,fault2
283.63,-326.34,223.08,90,54,1,fault2
391.59,-233.96,76.20,90,54,1,fault2
274.03,-202.07,236.14,90,54,1,fault2
240.38,-9.35,281.92,90,54,1,fault2
257.28,-351.00,258.94,90,54,1,fault2
396.19,-40.43,69.94,90,54,1,fault2
284.97,-257.37,221.26,90,54,1,fault2
389.59,-275.57,78.92,90,54,1,fault2
239.71,28.39,282.83,90,54,1,fault2
437.32,-100.65,13.99,90,54,1,fault2
405.37,-10.61,57.46,90,54,1,fault2
302.78,-104.47,197.02,90,54,1,fault2
239.97,82.94,282.49,90,54,1,fault2
339.91,-200.44,146.52,90,54,1,fault2
300.59,-135.55,200.00,90,54,1,fault2
310.35,-283.32,186.73,90,54,1,fault2
421.77,-262.26,35.14,90,54,1,fault2
249.11,99.40,270.04,90,54,1,fault2
405.82,17.69,56.84,90,54,1,fault2
271.38,-71.22,239.75,90,54,1,fault2
345.95,-12.61,138.29,90,54,1,fault2
244.74,-205.04,275.99,90,54,1,fault2
240.15,-213.13,282.24,90,54,1,fault2
370.68,65.78,104.65,90,54,1,fault2
336.67,-135.83,150.93,90,54,1,fault2
424.02,100.92,32.07,90,54,1,fault2
407.65,69.26,54.36,90,54,1,fault2
350.19,-117.43,132.53,90,54,1,fault2
405.55,-360.76,57.22,90,54,1,fault2
260.07,-220.71,255.14,90,54,1,fault2
352.78,99.55,129.00,90,54,1,fault2
354.48,-257.07,126.69,90,54,1,fault2
236.05,4.63,287.82,90,54,1,fault2
288.26,-222.86,216.79,90,54,1,fault2
256.98,22.25,259.34,90,54,1,fault2
318.35,14.47,175.85,90,54,1,fault2
337.03,-256.22,150.44,90,54,1,fault2
254.37,-205.01,262.89,90,54,1,fault2
344.67,-300.77,140.04,90,54,1,fault2
379.26,-352.13,92.98,90,54,1,fault2
389.18,-327.13,79.48,90,54,1,fault2
327.63,-283.09,163.22,90,54,1,fault2
344.21,-352.03,140.66,90,54,1,fault2
361.62,-352.07,116.98,90,54,1,fault2
236.03,-294.94,287.84,90,54,1,fault2
357.28,-204.11,122.88,90,54,1,fault2
406.40,-100.35,56.05,90,54,1,fault2
291.18,-135.31,212.82,90,54,1,fault2
301.90,-274.70,198.23,90,54,1,fault2
421.68,-234.30,35.26,90,54,1,fault2
237.00,46.22,286.52,90,54,1,fault2
370.57,48.98,104.80,90,54,1,fault2
310.02,-300.67,187.18,90,54,1,fault2
405.48,100.66,57.31,90,54,1,fault2
395.83,-11.66,70.43,90,54,1,fault2
396.22,-160.98,69.90,90,54,1,fault2
338.36,-218.80,148.63,90,54,1,fault2
254.68,-234.66,262.47,90,54,1,fault2
353.60,14.19,127.89,90,54,1,fault2
