X,Y,Z,formation
539.46,-217.09,385.86,ground1
139.08,-138.94,329.64,ground1
80.14,-251.44,365.83,ground1
552.11,-291.97,381.26,ground1
152.74,-147.82,321.58,ground1
142.52,-191.29,327.53,ground1
332.00,-269.36,363.36,ground1
504.30,-102.47,389.52,ground1
-54.90,-131.45,348.88,ground1
394.39,-204.74,373.39,ground1
517.35,-211.75,389.31,ground1
575.73,-139.18,355.50,ground1
82.15,-85.44,364.91,ground1
570.60,-304.43,365.56,ground1
302.27,34.05,361.70,ground1
6.97,-70.82,377.15,ground1
145.05,-43.53,325.99,ground1
373.60,-89.54,369.34,ground1
548.04,-40.28,382.61,ground1
-30.86,-303.37,361.93,ground1
226.87,61.37,300.85,ground1
230.89,-284.70,300.72,ground1
33.45,-117.04,380.17,ground1
-6.49,-191.82,372.87,ground1
-16.74,-85.93,368.55,ground1
464.66,44.40,386.59,ground1
318.65,-140.18,362.35,ground1
114.08,-138.48,345.65,ground1
215.55,-69.60,301.78,ground1
271.46,-75.47,361.52,ground1
351.24,-64.12,365.57,ground1
570.13,61.44,365.96,ground1
564.96,-202.98,371.43,ground1
537.19,72.75,386.86,ground1
236.81,-81.98,300.30,ground1
564.95,-30.39,371.44,ground1
287.25,59.82,361.46,ground1
442.86,-261.50,383.08,ground1
302.12,68.42,361.68,ground1
127.38,-147.50,337.06,ground1
149.52,-112.98,323.38,ground1
52.92,-268.53,377.06,ground1
235.08,-160.88,300.41,ground1
569.88,-232.50,366.17,ground1
480.94,-147.89,388.42,ground1
458.50,6.63,385.69,ground1
570.35,32.28,365.77,ground1
26.06,16.00,380.35,ground1
575.73,19.63,355.50,ground1
-62.33,-176.44,344.70,ground1
229.93,-91.73,300.64,ground1
403.16,-280.49,375.23,ground1
228.29,-63.19,300.78,ground1
198.14,-277.60,304.26,ground1
227.54,-41.37,300.81,ground1
235.69,-215.48,300.34,ground1
-62.38,34.34,344.68,ground1
487.36,-269.71,388.98,ground1
574.45,44.82,358.89,ground1
547.09,-276.43,383.45,ground1
67.14,-8.75,371.98,ground1
66.90,-277.32,372.08,ground1
-55.06,-251.77,348.80,ground1
213.46,-17.56,302.04,ground1
143.67,-277.59,326.83,ground1
549.67,32.27,382.31,ground1
-55.57,-304.58,348.52,ground1
361.27,-270.10,367.08,ground1
333.98,-35.85,363.53,ground1
543.88,-89.95,384.17,ground1
559.46,54.33,376.35,ground1
-54.40,-221.84,349.15,ground1
106.39,-17.55,350.59,ground1
226.90,41.07,300.85,ground1
10.24,-242.67,378.25,ground1
575.73,-303.48,355.50,ground1
106.23,68.41,350.72,ground1
302.44,16.78,361.71,ground1
375.43,-278.99,369.59,ground1
92.73,-191.19,358.90,ground1
288.55,-137.70,361.49,ground1
429.11,-282.51,380.52,ground1
226.56,-224.50,300.87,ground1
503.22,-255.09,389.70,ground1
233.08,-103.93,300.58,ground1
575.73,62.39,355.50,ground1
271.55,31.32,361.50,ground1
191.90,-121.92,305.71,ground1
448.14,-154.80,384.00,ground1
266.64,2.29,361.54,ground1
-4.69,-250.49,373.53,ground1
15.63,-86.80,379.10,ground1
432.83,-236.24,381.23,ground1
-4.22,28.98,373.75,ground1
271.56,27.81,361.52,ground1
537.29,-2.81,386.55,ground1
529.11,-89.52,387.93,ground1
-54.94,-71.29,348.86,ground1
285.55,-93.99,361.42,ground1
446.91,-231.05,383.80,ground1
163.69,-121.78,315.92,ground1
236.05,-13.23,300.30,ground1
507.29,-201.13,389.57,ground1
541.07,44.90,385.52,ground1
41.72,-132.00,379.48,ground1
266.72,-45.39,361.53,ground1
40.84,9.14,379.86,ground1
-39.80,-70.93,357.11,ground1
235.84,-298.14,300.31,ground1
512.55,-301.67,389.64,ground1
403.24,61.34,375.25,ground1
287.31,42.62,361.47,ground1
271.55,-262.62,361.52,ground1
494.28,-300.72,389.57,ground1
531.43,-271.40,387.86,ground1
-31.46,-176.72,361.51,ground1
441.74,41.43,382.89,ground1
389.61,-271.51,372.41,ground1
531.66,-63.12,387.52,ground1
344.17,-104.07,364.66,ground1
117.61,-191.19,343.40,ground1
566.72,71.21,370.53,ground1
555.08,-203.56,379.03,ground1
10.59,58.65,378.26,ground1
235.82,-250.70,300.33,ground1
223.94,-139.22,301.06,ground1
8.65,-225.20,377.75,ground1
316.95,-294.90,362.26,ground1
303.26,-199.77,361.74,ground1
532.49,37.40,387.65,ground1
565.99,-10.43,370.56,ground1
412.39,-181.42,377.14,ground1
574.45,-252.81,358.89,ground1
361.68,18.08,367.16,ground1
133.42,-69.44,333.19,ground1
562.30,73.03,374.65,ground1
39.06,59.37,379.84,ground1
-28.97,68.98,362.88,ground1
23.92,-268.39,380.21,ground1
271.71,-24.29,361.52,ground1
556.91,16.15,378.28,ground1
317.06,42.73,362.29,ground1
235.87,69.48,300.32,ground1
-16.62,-116.35,368.60,ground1
318.67,-44.69,362.38,ground1
8.61,-189.77,377.86,ground1
568.43,-64.26,367.40,ground1
118.75,59.82,342.68,ground1
266.64,0.09,361.54,ground1
266.55,46.12,361.53,ground1
221.94,-121.92,301.23,ground1
271.55,-265.06,361.51,ground1
522.51,-158.05,388.68,ground1
574.45,-68.25,358.89,ground1
23.70,-250.69,380.19,ground1
566.94,-241.29,369.75,ground1
545.66,-64.04,383.58,ground1
159.36,-69.57,318.09,ground1
360.76,-134.91,366.93,ground1
198.69,-8.97,304.14,ground1
575.73,-247.20,355.50,ground1
235.09,-154.68,300.42,ground1
157.77,-34.90,318.87,ground1
266.72,-48.84,361.54,ground1
266.67,-100.51,361.52,ground1
51.84,-216.39,377.29,ground1
266.60,-172.64,361.52,ground1
-8.69,-131.37,372.01,ground1
15.93,-146.07,379.14,ground1
422.72,-209.58,379.23,ground1
347.43,-243.96,365.05,ground1
271.55,-261.49,361.52,ground1
167.83,-174.01,313.93,ground1
535.20,-38.54,386.81,ground1
154.02,-165.24,320.87,ground1
458.08,-241.33,385.63,ground1
79.25,-149.92,366.50,ground1
230.93,49.66,300.72,ground1
504.24,-285.09,389.70,ground1
489.54,-219.16,389.14,ground1
-6.86,-221.77,372.74,ground1
562.12,-273.70,374.58,ground1
536.85,-307.30,386.93,ground1
554.85,-0.53,379.43,ground1
106.00,-268.89,350.84,ground1
316.98,59.89,362.27,ground1
274.61,-220.82,361.45,ground1
-19.02,-276.13,367.59,ground1
200.53,-60.92,303.80,ground1
548.82,41.58,382.78,ground1
494.37,65.85,389.57,ground1
569.76,75.83,366.87,ground1
361.76,-253.12,367.17,ground1
36.54,-190.87,380.18,ground1
-33.40,-26.22,360.52,ground1
377.57,-6.51,370.01,ground1
198.16,-294.80,304.14,ground1
383.48,-59.03,371.21,ground1
475.95,-11.88,387.97,ground1
529.01,-144.04,387.94,ground1
184.53,-17.61,307.65,ground1
143.49,-243.16,326.94,ground1
560.02,-281.63,376.37,ground1
317.99,-225.93,362.34,ground1
497.55,-87.66,389.41,ground1
497.26,-146.07,389.40,ground1
7.57,-160.97,377.29,ground1
574.45,-282.65,358.89,ground1
93.32,-277.46,358.55,ground1
337.06,-119.97,363.84,ground1
433.08,1.42,381.28,ground1
556.48,45.69,378.54,ground1
84.87,-122.46,363.30,ground1
53.62,34.14,376.91,ground1
266.54,-129.40,361.55,ground1
236.81,-77.04,300.31,ground1
212.01,-200.01,302.21,ground1
-16.02,-176.57,368.89,ground1
453.04,49.92,384.87,ground1
528.12,-116.79,388.06,ground1
309.32,-114.95,361.96,ground1
529.51,-292.64,388.20,ground1
239.56,-130.69,300.18,ground1
543.50,23.56,384.74,ground1
317.89,-9.23,362.33,ground1
235.90,17.52,300.33,ground1
32.89,-87.42,380.22,ground1
302.43,-70.34,361.71,ground1
169.95,-294.80,312.88,ground1
183.81,-303.40,307.66,ground1
93.60,8.29,358.38,ground1
235.08,-146.56,300.39,ground1
156.71,68.41,319.32,ground1
392.29,-94.25,372.95,ground1
89.35,-139.89,360.84,ground1
544.36,-303.37,384.60,ground1
-9.02,-70.25,371.89,ground1
266.67,-106.38,361.52,ground1
53.16,-303.31,377.07,ground1
67.01,-294.66,372.08,ground1
15.22,-174.18,379.10,ground1
24.56,68.02,380.34,ground1
403.17,45.48,375.23,ground1
209.35,-147.98,302.52,ground1
574.45,-121.22,358.89,ground1
429.14,47.54,380.53,ground1
271.66,-212.21,361.51,ground1
92.64,-173.75,358.95,ground1
490.17,-15.18,389.19,ground1
198.49,8.25,304.18,ground1
512.81,-291.44,389.58,ground1
399.08,-170.01,374.37,ground1
469.72,-133.01,387.18,ground1
569.27,-19.98,366.68,ground1
32.05,-56.99,380.13,ground1
235.09,-157.03,300.43,ground1
455.84,-256.16,385.26,ground1
106.14,-303.38,350.78,ground1
575.73,-229.47,355.50,ground1
410.33,-36.19,376.70,ground1
288.10,-173.47,361.48,ground1
132.06,-34.86,334.02,ground1
523.67,-250.59,388.71,ground1
512.82,66.77,389.63,ground1
131.27,34.03,334.54,ground1
80.45,-303.35,365.73,ground1
184.11,16.84,307.78,ground1
67.23,59.80,371.98,ground1
188.27,-87.07,306.69,ground1
168.67,-191.36,313.59,ground1
500.66,-230.94,389.60,ground1
-37.87,19.37,358.09,ground1
514.86,-6.95,389.48,ground1
563.27,-156.45,372.79,ground1
38.21,-242.04,379.93,ground1
575.73,-209.96,355.50,ground1
235.69,-205.42,300.35,ground1
40.02,-7.30,379.91,ground1
482.86,-41.69,388.55,ground1
498.11,32.13,389.63,ground1
547.63,14.78,383.01,ground1
108.68,-86.41,349.13,ground1
428.98,-297.42,380.51,ground1
431.78,-159.28,381.01,ground1
551.48,-76.95,380.97,ground1
-62.47,-116.46,344.63,ground1
568.04,-143.59,367.66,ground1
266.63,5.81,361.53,ground1
347.33,8.88,365.03,ground1
80.28,-17.52,365.73,ground1
404.60,13.28,375.53,ground1
183.69,-251.80,307.93,ground1
534.08,25.37,387.34,ground1
9.77,-294.28,378.01,ground1
331.80,68.48,363.28,ground1
-53.73,54.17,349.53,ground1
105.91,-251.65,350.90,ground1
536.79,-230.44,386.61,ground1
-44.04,-281.74,354.88,ground1
266.54,54.93,361.53,ground1
333.48,-217.47,363.50,ground1
93.55,-8.91,358.41,ground1
496.36,-244.49,389.41,ground1
303.76,-164.86,361.77,ground1
497.71,-266.80,389.64,ground1
141.73,-173.88,328.04,ground1
550.40,-103.35,381.42,ground1
414.00,-115.62,377.46,ground1
287.94,-43.75,361.47,ground1
118.63,-294.77,342.76,ground1
183.26,-217.32,308.07,ground1
266.54,-287.87,361.54,ground1
236.80,-66.97,300.28,ground1
179.94,-147.97,309.27,ground1
52.72,-251.13,377.14,ground1
10.46,39.89,378.18,ground1
364.83,-34.31,367.70,ground1
456.05,21.32,385.29,ground1
134.46,-86.78,332.52,ground1
555.03,60.95,379.35,ground1
562.72,-130.18,373.12,ground1
470.03,-100.62,387.21,ground1
569.89,-0.93,366.16,ground1
-15.23,-4.02,369.18,ground1
449.58,-215.54,384.25,ground1
570.24,-250.02,365.87,ground1
230.89,-287.72,300.72,ground1
557.48,-266.52,377.91,ground1
560.55,-258.18,375.63,ground1
363.55,-218.83,367.47,ground1
274.45,-272.55,361.45,ground1
156.48,-251.79,319.57,ground1
520.49,-130.67,388.87,ground1
170.30,8.23,312.83,ground1
543.84,-143.52,384.19,ground1
514.14,-257.37,389.60,ground1
198.27,59.82,304.12,ground1
302.93,-17.94,361.73,ground1
131.01,-268.96,334.70,ground1
416.59,69.42,378.01,ground1
82.68,-68.02,364.62,ground1
57.83,-72.45,375.96,ground1
570.86,-280.36,365.34,ground1
148.02,-95.58,324.23,ground1
570.26,16.50,365.85,ground1
-62.16,-236.61,344.80,ground1
21.54,-215.96,379.72,ground1
565.99,-223.00,370.55,ground1
-3.51,67.78,374.18,ground1
388.56,-141.21,372.19,ground1
156.81,34.03,319.39,ground1
382.79,-176.44,371.07,ground1
-30.31,-238.69,362.09,ground1
545.56,-237.38,383.93,ground1
-33.61,-270.01,360.40,ground1
143.87,42.63,326.71,ground1
423.07,-129.88,379.28,ground1
172.32,-60.92,312.03,ground1
424.93,-102.24,379.67,ground1
37.64,-224.78,379.96,ground1
575.73,-85.12,355.50,ground1
203.61,-95.85,303.36,ground1
567.44,24.22,369.33,ground1
230.43,-183.61,300.76,ground1
7.58,-101.53,377.26,ground1
466.28,-265.46,386.78,ground1
563.30,-76.91,372.76,ground1
274.50,-248.24,361.45,ground1
568.85,-41.07,367.04,ground1
144.04,8.23,326.61,ground1
493.05,-204.40,389.30,ground1
-55.02,-11.36,348.81,ground1
-15.43,-238.08,369.25,ground1
575.73,-37.23,355.50,ground1
468.15,-38.38,386.98,ground1
-62.90,-266.31,344.40,ground1
317.08,-277.75,362.29,ground1
575.73,-164.93,355.50,ground1
560.35,-241.40,375.92,ground1
13.44,1.92,378.85,ground1
24.38,-303.25,380.32,ground1
482.22,-192.35,388.49,ground1
346.49,60.10,364.87,ground1
274.79,-38.12,361.45,ground1
118.57,-277.55,342.79,ground1
287.29,-277.61,361.47,ground1
106.69,-34.74,350.41,ground1
266.61,-177.63,361.53,ground1
66.10,-44.04,372.37,ground1
481.41,-85.83,388.46,ground1
507.78,-32.79,389.58,ground1
450.14,-18.97,384.34,ground1
291.43,-121.05,361.53,ground1
235.83,-268.08,300.33,ground1
494.68,54.70,389.51,ground1
539.62,-16.24,385.86,ground1
123.63,-112.64,339.51,ground1
572.04,72.10,363.83,ground1
183.90,68.41,307.63,ground1
232.69,-120.86,300.54,ground1
531.49,-170.47,387.54,ground1
507.08,-159.55,389.49,ground1
418.54,-145.76,378.37,ground1
452.65,63.61,384.84,ground1
58.51,-132.93,375.48,ground1
438.24,-30.09,382.21,ground1
266.72,-56.62,361.53,ground1
549.29,-267.27,382.47,ground1
431.02,-251.86,380.88,ground1
239.56,-130.22,300.18,ground1
196.16,-174.04,304.72,ground1
131.69,-17.61,334.27,ground1
334.45,-147.28,363.64,ground1
94.73,-95.01,357.63,ground1
41.41,-162.10,379.57,ground1
199.60,-43.53,304.00,ground1
-31.47,2.88,361.50,ground1
226.18,-192.47,300.90,ground1
404.04,-82.04,375.41,ground1
515.46,35.35,389.52,ground1
521.34,72.19,389.20,ground1
574.45,-3.71,358.89,ground1
155.65,-200.00,320.02,ground1
300.34,-87.97,361.66,ground1
64.84,-146.88,373.09,ground1
441.21,70.02,382.84,ground1
545.57,-169.39,383.62,ground1
456.04,-183.89,385.25,ground1
416.62,-273.66,378.00,ground1
575.73,-16.45,355.50,ground1
287.96,-191.09,361.48,ground1
271.45,-72.27,361.50,ground1
406.05,-3.05,375.83,ground1
42.23,-102.53,379.40,ground1
156.56,-269.00,319.52,ground1
128.75,-165.02,336.18,ground1
575.73,35.26,355.50,ground1
230.43,-181.63,300.76,ground1
-15.26,59.40,369.45,ground1
441.16,-304.99,382.83,ground1
287.69,-60.81,361.47,ground1
463.83,-305.55,386.56,ground1
501.62,-174.39,389.48,ground1
568.05,-89.79,367.65,ground1
452.61,-298.56,384.83,ground1
478.70,26.03,388.22,ground1
332.27,17.08,363.38,ground1
226.78,-276.09,300.86,ground1
-5.71,-266.99,373.16,ground1
346.57,43.11,364.93,ground1
429.00,62.43,380.52,ground1
266.53,-292.90,361.51,ground1
236.80,-86.76,300.28,ground1
319.43,-173.58,362.42,ground1
350.05,-44.49,365.42,ground1
496.94,10.03,389.41,ground1
530.64,-208.07,387.71,ground1
486.48,-176.96,388.83,ground1
183.78,-269.01,307.90,ground1
235.85,-309.56,300.33,ground1
212.74,-251.79,302.12,ground1
350.24,-191.36,365.43,ground1
131.13,-303.39,334.63,ground1
274.71,-14.33,361.45,ground1
512.01,-47.29,389.41,ground1
416.66,38.67,181.01,ground2
574.45,44.82,161.89,ground2
106.23,68.41,205.72,ground2
257.53,42.62,216.71,ground2
-30.31,-238.69,217.09,ground2
-62.47,-116.46,199.63,ground2
283.26,-100.37,216.44,ground2
553.10,-181.17,183.15,ground2
-54.72,19.69,203.98,ground2
556.91,16.15,181.28,ground2
452.60,-136.43,187.73,ground2
547.07,-248.67,186.19,ground2
348.04,-8.59,168.12,ground2
537.29,-2.81,189.55,ground2
283.01,-15.71,216.40,ground2
216.47,62.44,218.57,ground2
394.69,-30.31,176.46,ground2
67.01,-294.66,227.08,ground2
180.76,-215.18,163.96,ground2
545.95,3.89,186.84,ground2
288.16,-261.07,216.39,ground2
328.75,-45.07,165.92,ground2
185.51,49.90,161.65,ground2
41.66,-71.52,234.43,ground2
14.61,-56.92,233.99,ground2
375.46,60.54,172.59,ground2
555.03,60.95,182.35,ground2
567.14,55.00,172.58,ground2
333.45,-25.09,166.61,ground2
574.45,58.16,161.89,ground2
52.72,-251.13,232.14,ground2
185.49,-281.49,161.71,ground2
574.45,-295.57,161.89,ground2
-2.65,7.15,229.31,ground2
65.59,-189.70,227.59,ground2
548.82,41.58,185.78,ground2
334.62,-86.00,166.78,ground2
416.59,69.42,181.01,ground2
377.61,-228.60,173.01,ground2
209.65,-183.89,219.24,ground2
272.30,-303.40,216.46,ground2
398.20,-112.40,177.19,ground2
226.83,-191.32,217.88,ground2
154.02,-165.24,175.87,ground2
-30.98,-207.11,216.75,ground2
466.42,30.64,189.80,ground2
215.08,67.60,218.76,ground2
157.77,-34.90,173.87,ground2
543.88,-89.95,187.17,ground2
93.32,-277.46,213.55,ground2
345.93,-134.71,167.78,ground2
180.79,-203.30,164.04,ground2
180.91,-303.11,163.55,ground2
253.20,-120.59,216.82,ground2
185.45,-289.56,161.61,ground2
210.66,-56.06,219.21,ground2
92.73,-191.19,213.90,ground2
536.79,-230.44,189.61,ground2
181.07,-261.80,164.12,ground2
8.65,-225.20,232.75,ground2
181.00,-310.01,163.79,ground2
66.57,-242.61,227.23,ground2
333.48,-30.85,166.56,ground2
40.84,9.14,234.86,ground2
37.64,-224.78,234.96,ground2
418.54,-145.76,181.37,ground2
347.33,8.88,168.03,ground2
210.68,-49.05,219.24,ground2
503.73,-306.60,192.82,ground2
216.03,-84.69,218.78,ground2
562.76,-308.39,177.26,ground2
283.11,48.61,216.47,ground2
210.13,56.30,219.13,ground2
10.46,39.89,233.18,ground2
-3.51,67.78,229.18,ground2
517.35,-211.75,192.31,ground2
134.46,-86.78,187.52,ground2
472.01,-237.13,190.52,ground2
131.13,-303.39,189.63,ground2
288.15,-256.88,216.40,ground2
574.45,-195.94,161.89,ground2
517.85,-21.86,192.30,ground2
283.07,-128.12,216.50,ground2
242.75,16.85,217.11,ground2
105.59,-217.12,206.10,ground2
-38.95,-191.84,212.55,ground2
210.04,-232.39,219.24,ground2
564.08,-180.87,175.17,ground2
464.63,-279.28,189.59,ground2
496.94,10.03,192.41,ground2
416.54,-304.42,181.00,ground2
127.38,-147.50,192.06,ground2
550.90,-19.04,184.41,ground2
521.34,72.19,192.20,ground2
389.66,-303.93,175.42,ground2
564.96,-202.98,174.43,ground2
10.59,58.65,233.26,ground2
327.76,51.09,165.91,ground2
106.14,-303.38,205.78,ground2
56.80,-161.75,231.33,ground2
32.89,-87.42,235.22,ground2
-62.47,-86.46,199.63,ground2
566.97,7.70,172.72,ground2
410.33,-36.19,179.70,ground2
494.68,54.70,192.51,ground2
334.67,-93.79,166.71,ground2
570.35,32.28,168.77,ground2
464.71,-23.11,189.55,ground2
568.85,-41.07,170.04,ground2
186.08,-51.51,161.47,ground2
456.04,-183.89,188.25,ground2
-30.86,-303.37,216.93,ground2
574.45,-94.00,161.89,ground2
335.12,12.32,166.57,ground2
212.22,-120.21,218.86,ground2
-39.73,-131.43,212.15,ground2
364.83,-34.31,170.70,ground2
328.91,-174.38,165.94,ground2
562.73,-103.23,176.11,ground2
337.06,-119.97,166.84,ground2
440.75,-188.22,185.68,ground2
566.72,71.21,173.53,ground2
144.04,8.23,181.61,ground2
348.18,-226.64,168.14,ground2
460.69,-66.55,188.98,ground2
328.70,-54.15,165.99,ground2
412.39,-181.42,180.14,ground2
58.51,-132.93,230.48,ground2
156.56,-269.00,174.52,ground2
-4.69,-250.49,228.53,ground2
181.35,-22.53,163.88,ground2
214.95,-213.66,218.95,ground2
530.53,57.95,191.03,ground2
403.21,-296.34,178.24,ground2
423.14,-25.10,182.31,ground2
347.43,-243.96,168.05,ground2
272.46,34.01,216.48,ground2
181.36,-29.97,163.89,ground2
93.87,-43.19,213.21,ground2
511.61,-186.52,192.42,ground2
551.41,-156.45,184.00,ground2
67.86,-60.32,226.65,ground2
216.51,40.18,218.60,ground2
163.69,-121.78,170.92,ground2
560.61,23.88,178.63,ground2
363.55,-218.83,170.47,ground2
181.15,28.12,164.02,ground2
422.72,-209.58,182.23,ground2
15.93,-146.07,234.14,ground2
283.28,-47.05,216.46,ground2
571.33,-292.82,167.80,ground2
288.06,-74.02,216.40,ground2
257.28,-191.24,216.72,ground2
539.62,-16.24,188.86,ground2
535.02,-195.02,189.83,ground2
169.95,-294.80,167.88,ground2
377.57,-6.51,173.01,ground2
494.53,-289.44,192.50,ground2
332.68,-306.91,166.38,ground2
210.27,0.11,219.27,ground2
157.32,-17.62,174.12,ground2
143.87,42.63,181.71,ground2
172.32,-60.92,167.03,ground2
414.00,-115.62,180.46,ground2
568.13,-273.25,171.74,ground2
-32.19,-85.98,216.14,ground2
106.00,-268.89,205.84,ground2
42.23,-102.53,234.40,ground2
563.92,-294.48,176.25,ground2
560.35,-241.40,178.92,ground2
566.94,-241.29,172.75,ground2
429.00,62.43,183.52,ground2
570.60,-304.43,168.56,ground2
24.38,-303.25,235.32,ground2
79.69,-199.55,221.03,ground2
453.36,-97.07,187.86,ground2
328.08,3.41,165.90,ground2
108.68,-86.41,204.13,ground2
185.50,48.59,161.63,ground2
403.24,61.34,178.25,ground2
570.86,-280.36,168.34,ground2
481.96,-247.27,191.57,ground2
428.98,-297.42,183.51,ground2
361.23,35.07,170.08,ground2
404.60,13.28,178.53,ground2
-16.79,-22.94,223.39,ground2
210.05,-236.22,219.25,ground2
288.07,-80.13,216.38,ground2
169.76,-243.19,168.08,ground2
520.56,-102.96,191.86,ground2
336.71,-195.91,166.72,ground2
210.13,-283.84,219.24,ground2
283.19,-2.18,216.48,ground2
259.74,-93.59,216.63,ground2
529.72,67.70,191.21,ground2
216.74,-11.61,218.58,ground2
392.64,-221.73,176.03,ground2
417.47,22.92,181.18,ground2
564.11,-52.49,175.15,ground2
327.78,-282.86,165.88,ground2
489.54,-219.16,192.14,ground2
118.20,-225.82,198.03,ground2
288.27,-209.07,216.38,ground2
404.04,-82.04,178.41,ground2
568.75,-297.82,171.07,ground2
555.08,-203.56,182.03,ground2
332.75,-260.60,166.54,ground2
-13.96,-207.25,224.69,ground2
185.03,-182.49,162.10,ground2
-54.94,-71.29,203.86,ground2
257.78,-8.96,216.71,ground2
242.54,-268.99,217.11,ground2
452.61,-298.56,187.83,ground2
186.07,-53.15,161.46,ground2
118.38,-243.08,197.91,ground2
-6.86,-221.77,227.74,ground2
215.14,34.14,218.86,ground2
185.48,-286.69,161.70,ground2
512.82,66.77,192.63,ground2
432.83,-236.24,184.23,ground2
515.46,35.35,192.52,ground2
480.94,-147.89,191.42,ground2
351.24,-64.12,168.57,ground2
574.45,-68.25,161.89,ground2
567.51,-258.08,172.26,ground2
431.78,-159.28,184.01,ground2
567.36,39.63,172.39,ground2
156.48,-251.79,174.57,ground2
-54.57,-191.60,204.06,ground2
282.92,-194.50,216.42,ground2
120.31,-60.68,196.66,ground2
178.34,-171.06,164.44,ground2
130.57,-217.24,189.99,ground2
545.56,-237.38,186.93,ground2
474.76,52.24,190.92,ground2
185.52,50.96,161.67,ground2
186.08,-52.81,161.47,ground2
468.15,-38.38,189.98,ground2
180.93,68.66,163.56,ground2
283.19,0.95,216.48,ground2
288.26,-211.91,216.39,ground2
67.33,42.67,226.91,ground2
84.87,-122.46,218.30,ground2
7.57,-160.97,232.29,ground2
574.45,-44.67,161.89,ground2
535.20,-38.54,189.81,ground2
288.32,-26.84,216.38,ground2
156.90,16.83,174.34,ground2
186.11,-48.94,161.55,ground2
258.09,-43.31,216.70,ground2
170.12,42.63,167.91,ground2
7.41,-38.36,232.45,ground2
272.56,-199.90,216.48,ground2
93.55,-8.91,213.41,ground2
498.11,32.13,192.63,ground2
325.86,-106.86,165.72,ground2
13.44,1.92,233.85,ground2
382.79,-176.44,174.07,ground2
362.64,-103.55,170.31,ground2
361.20,68.62,49.02,ground3
443.48,-30.99,13.16,ground3
122.52,51.62,22.21,ground3
453.02,-284.86,14.87,ground3
440.72,-60.61,12.73,ground3
302.12,68.42,43.68,ground3
183.78,-269.01,51.90,ground3
257.53,42.62,43.71,ground3
490.17,-15.18,19.19,ground3
320.80,-124.01,44.49,ground3
106.23,68.41,32.72,ground3
111.95,-121.03,29.05,ground3
94.47,-60.32,39.84,ground3
547.63,14.78,13.01,ground3
332.00,-269.36,45.36,ground3
440.46,-178.18,12.69,ground3
303.76,-164.86,43.77,ground3
126.68,74.70,19.54,ground3
200.53,-60.92,47.80,ground3
-15.26,59.40,51.45,ground3
565.99,-10.43,0.56,ground3
51.84,-216.39,59.29,ground3
570.86,-280.36,-4.66,ground3
560.61,23.88,5.63,ground3
396.48,-23.11,55.83,ground3
447.13,-148.34,13.79,ground3
453.75,-97.56,14.93,ground3
213.11,16.86,46.09,ground3
56.80,-161.75,58.33,ground3
393.59,-202.71,55.22,ground3
-61.35,67.91,27.25,ground3
121.94,-116.96,22.60,ground3
92.96,-225.64,40.76,ground3
397.07,-121.34,55.95,ground3
526.05,-184.09,18.29,ground3
150.34,-125.81,66.75,ground3
122.46,-286.46,22.24,ground3
397.29,-107.13,56.00,ground3
287.94,-43.75,43.47,ground3
-62.33,-176.44,26.70,ground3
126.70,27.49,19.51,ground3
152.06,-229.57,65.81,ground3
126.84,-27.13,19.42,ground3
440.72,-63.89,12.72,ground3
32.89,-87.42,62.22,ground3
51.55,-34.74,59.43,ground3
497.71,-266.80,19.64,ground3
405.00,-129.47,57.61,ground3
373.60,-89.54,51.34,ground3
39.26,42.26,61.82,ground3
41.72,-132.00,61.48,ground3
93.40,-294.73,40.51,ground3
-31.46,-176.72,43.51,ground3
564.96,-202.98,1.43,ground3
7.41,-38.36,59.45,ground3
53.62,34.14,58.91,ground3
198.69,-8.97,48.14,ground3
184.02,34.04,51.82,ground3
399.95,-291.46,56.56,ground3
171.46,-43.56,56.38,ground3
520.49,-130.67,18.87,ground3
185.03,-34.90,51.54,ground3
40.84,9.14,61.86,ground3
553.10,-181.17,10.15,ground3
380.64,-194.00,52.62,ground3
128.97,-130.25,18.06,ground3
213.03,34.04,46.09,ground3
522.51,-158.05,18.68,ground3
80.69,34.12,47.56,ground3
443.50,-36.09,13.14,ground3
8.65,-225.20,59.75,ground3
497.26,-146.07,19.40,ground3
398.61,-145.65,56.28,ground3
309.32,-114.95,43.96,ground3
530.96,-25.32,17.68,ground3
569.01,-286.30,-2.15,ground3
152.25,8.47,65.64,ground3
272.64,-84.48,43.48,ground3
480.94,-147.89,18.42,ground3
567.36,39.63,-0.61,ground3
128.96,-133.19,18.03,ground3
226.21,-173.96,44.92,ground3
453.51,-135.37,14.89,ground3
447.37,-88.92,13.83,ground3
242.99,-17.53,44.10,ground3
193.64,-139.31,49.34,ground3
489.54,-219.16,19.14,ground3
198.27,59.82,48.12,ground3
402.35,-193.75,57.05,ground3
553.18,-283.60,10.67,ground3
119.05,-42.16,24.49,ground3
53.16,-303.31,59.07,ground3
126.60,-260.40,19.59,ground3
574.45,-195.94,-11.11,ground3
570.19,47.08,-4.09,ground3
288.55,-137.70,43.49,ground3
93.10,-242.91,40.67,ground3
360.76,-134.91,48.93,ground3
227.54,-243.18,44.83,ground3
368.13,-164.72,50.30,ground3
565.99,-223.00,0.55,ground3
-7.94,-36.75,54.30,ground3
446.00,-225.72,13.62,ground3
547.09,-276.43,13.45,ground3
272.46,34.01,43.48,ground3
156.58,-260.88,63.67,ground3
383.48,-59.03,53.21,ground3
445.88,23.41,13.64,ground3
125.75,-168.47,20.12,ground3
153.88,-92.30,64.71,ground3
118.62,8.79,24.76,ground3
404.70,30.63,57.55,ground3
-16.79,-22.94,50.39,ground3
15.63,-86.80,61.10,ground3
464.63,-279.28,16.59,ground3
574.45,70.30,-11.11,ground3
-62.47,-56.45,26.63,ground3
362.64,-103.55,49.31,ground3
333.98,-35.85,45.53,ground3
402.52,-41.97,57.08,ground3
495.52,-116.84,19.37,ground3
106.31,16.86,32.65,ground3
464.66,44.40,16.59,ground3
126.59,-244.88,19.56,ground3
440.55,-235.81,12.73,ground3
257.78,-8.96,43.71,ground3
-38.85,-253.45,39.59,ground3
470.03,-100.62,17.21,ground3
-33.40,-26.22,42.52,ground3
556.68,-250.23,8.41,ground3
16.06,-116.66,61.15,ground3
-8.57,-161.30,54.07,ground3
377.57,-6.51,52.01,ground3
-39.88,-40.67,39.06,ground3
560.45,7.70,5.85,ground3
302.06,-303.42,43.67,ground3
182.83,-200.04,52.24,ground3
482.86,-41.69,18.55,ground3
-30.98,-207.11,43.75,ground3
302.44,16.78,43.71,ground3
300.34,-87.97,43.66,ground3
404.70,29.67,57.54,ground3
66.90,-277.32,54.08,ground3
170.53,-9.00,56.74,ground3
557.15,69.47,8.24,ground3
348.04,-8.59,47.12,ground3
318.67,-44.69,44.38,ground3
364.83,-201.22,49.70,ground3
557.48,-266.52,7.91,ground3
-62.47,-116.46,26.63,ground3
445.64,-49.90,13.60,ground3
566.97,7.70,-0.28,ground3
66.26,-225.13,54.35,ground3
402.35,-182.20,57.05,ground3
80.32,-34.62,47.71,ground3
170.12,42.63,56.91,ground3
448.01,-234.11,14.01,ground3
388.56,-141.21,54.19,ground3
116.94,-173.70,25.84,ground3
439.36,57.53,12.55,ground3
-39.51,-161.54,39.26,ground3
375.43,-278.99,51.59,ground3
517.85,-21.86,19.30,ground3
118.59,42.23,24.78,ground3
-33.61,-270.01,42.40,ground3
158.63,-247.44,62.34,ground3
291.43,-121.05,43.53,ground3
40.02,-7.30,61.91,ground3
7.58,-101.53,59.26,ground3
130.32,-182.35,17.12,ground3
122.52,50.82,22.21,ground3
456.05,21.32,15.29,ground3
443.78,-271.07,13.21,ground3
402.35,-179.67,57.06,ground3
67.03,-173.67,54.05,ground3
560.55,-258.18,5.63,ground3
440.70,-77.27,12.76,ground3
439.36,-292.82,12.55,ground3
156.54,-268.00,63.55,ground3
396.48,-19.86,55.83,ground3
156.56,-256.04,63.61,ground3
168.67,-191.36,57.59,ground3
52.92,-268.53,59.06,ground3
568.43,-64.26,-2.60,ground3
152.19,47.43,65.76,ground3
396.46,-212.89,55.82,ground3
517.35,-211.75,19.31,ground3
443.79,30.78,13.22,ground3
304.29,-147.77,43.78,ground3
474.76,52.24,17.92,ground3
-8.69,-131.37,54.01,ground3
106.39,-17.55,32.59,ground3
522.62,52.04,18.94,ground3
504.16,-131.21,19.52,ground3
183.90,68.41,51.63,ground3
398.61,-165.29,56.28,ground3
93.59,42.66,40.39,ground3
287.72,-9.13,43.47,ground3
548.04,-40.28,12.61,ground3
486.48,-176.96,18.83,ground3
498.11,32.13,19.63,ground3
444.91,-101.42,13.45,ground3
564.18,-287.12,3.03,ground3
227.94,8.26,44.81,ground3
543.50,23.56,14.74,ground3
272.40,-268.99,43.48,ground3
346.49,60.10,46.87,ground3
400.57,5.15,56.69,ground3
514.71,-270.11,19.56,ground3
567.51,-258.08,-0.74,ground3
563.30,-76.91,2.76,ground3
106.29,34.05,32.66,ground3
574.45,-295.57,-11.11,ground3
272.30,-303.40,43.46,ground3
507.08,-159.55,19.49,ground3
21.11,-200.35,61.69,ground3
475.62,-163.94,17.86,ground3
375.43,-295.55,51.58,ground3
443.80,35.06,13.21,ground3
152.15,-281.86,65.78,ground3
-16.62,-116.35,50.60,ground3
212.74,-251.79,46.12,ground3
346.60,-278.14,46.93,ground3
170.05,59.82,56.83,ground3
119.67,-62.13,24.08,ground3
469.72,-133.01,17.18,ground3
79.25,-149.92,48.50,ground3
152.74,-54.42,65.51,ground3
361.23,35.07,49.08,ground3
-32.19,-85.98,43.14,ground3
337.06,-119.97,45.84,ground3
512.82,66.77,19.63,ground3
574.45,-121.22,-11.11,ground3
156.66,21.40,63.56,ground3
302.44,-251.82,43.71,ground3
443.35,-310.21,13.22,ground3
302.93,-17.94,43.73,ground3
537.29,-2.81,16.55,ground3
568.85,-41.07,-2.96,ground3
472.56,2.52,17.58,ground3
80.57,68.42,47.67,ground3
444.61,47.51,13.45,ground3
-17.81,-294.62,50.26,ground3
557.52,-223.46,7.67,ground3
181.20,-165.36,52.75,ground3
400.05,19.44,56.58,ground3
80.45,-303.35,47.73,ground3
9.77,-294.28,60.01,ground3
196.16,-174.04,48.72,ground3
243.22,-34.71,44.09,ground3
334.45,-147.28,45.64,ground3
331.89,-91.29,45.46,ground3
-54.94,-71.29,30.86,ground3
541.07,44.90,15.52,ground3
152.05,-240.41,65.80,ground3
-54.77,-161.50,30.95,ground3
93.56,59.83,40.42,ground3
400.57,1.55,56.69,ground3
544.35,69.33,14.72,ground3
395.74,-173.74,55.67,ground3
481.41,-85.83,18.46,ground3
334.78,-73.38,45.66,ground3
443.27,-199.31,13.11,ground3
564.11,-52.49,2.15,ground3
316.98,59.89,44.27,ground3
58.51,-132.93,57.48,ground3
452.61,-298.56,14.83,ground3
551.48,-76.95,10.97,ground3
500.66,-230.94,19.60,ground3
158.79,64.26,62.14,ground3
24.56,68.02,62.34,ground3
515.46,35.35,19.52,ground3
197.76,-225.95,48.35,ground3
106.00,-268.89,32.84,ground3
317.99,-225.93,44.34,ground3
494.53,-289.44,19.50,ground3
443.78,-266.85,13.21,ground3
568.75,-297.82,-1.93,ground3
152.12,-294.35,65.71,ground3
400.59,-239.93,56.69,ground3
93.55,-8.91,40.41,ground3
318.65,-140.18,44.35,ground3
9.44,-276.87,59.90,ground3
130.32,-181.67,17.12,ground3
157.15,-170.25,63.04,ground3
464.71,-23.11,16.55,ground3
126.42,-205.78,19.70,ground3
-38.78,55.47,39.69,ground3
557.95,-304.61,7.66,ground3
574.45,-148.06,-11.11,ground3
478.70,26.03,18.22,ground3
122.84,-51.25,22.02,ground3
156.35,-213.22,63.71,ground3
574.45,44.82,-11.11,ground3
562.73,-103.23,3.11,ground3
245.67,-86.82,44.00,ground3
15.93,-146.07,61.14,ground3
-62.69,-26.63,26.51,ground3
543.88,-89.95,14.17,ground3
361.14,-303.63,49.01,ground3
125.75,-153.83,20.14,ground3
-54.90,-131.45,30.88,ground3
466.42,30.64,16.80,ground3
530.53,57.95,18.03,ground3
174.96,-95.74,55.06,ground3
21.54,-215.96,61.72,ground3
536.79,-230.44,16.61,ground3
150.32,-131.35,66.72,ground3
447.37,-86.97,13.83,ground3
-15.23,-4.02,51.18,ground3
39.06,59.37,61.84,ground3
272.79,-17.66,43.48,ground3
562.76,-308.39,4.26,ground3
-4.22,28.98,55.75,ground3
485.38,47.52,18.89,ground3
84.87,-122.46,45.30,ground3
449.05,-157.97,14.17,ground3
287.31,42.62,43.47,ground3
398.40,-141.11,56.23,ground3
526.31,-49.58,18.26,ground3
476.27,-69.87,17.92,ground3
543.84,-143.52,14.19,ground3
400.57,-5.46,56.69,ground3
-28.97,68.98,44.88,ground3
402.51,-53.01,57.09,ground3
152.28,4.09,65.70,ground3
405.01,-131.25,57.61,ground3
382.79,-176.44,53.07,ground3
-15.85,39.37,51.09,ground3
155.53,-153.88,64.11,ground3
228.09,-8.93,44.80,ground3
80.68,16.94,47.56,ground3
567.14,55.00,-0.42,ground3
458.50,6.63,15.69,ground3
163.69,-121.78,59.92,ground3
404.68,-267.79,57.54,ground3
51.16,-198.10,59.54,ground3
212.39,-217.30,46.17,ground3
443.25,-205.26,13.13,ground3
399.10,-70.59,56.38,ground3
229.48,-60.77,44.73,ground3
560.35,-241.40,5.92,ground3
547.99,-193.19,12.62,ground3
446.23,-13.13,13.65,ground3
158.95,12.79,62.18,ground3
317.08,-277.75,44.29,ground3
521.12,-306.91,19.21,ground3
562.72,-130.18,3.12,ground3
152.30,-0.19,65.77,ground3
-39.79,-101.26,39.12,ground3
153.94,-106.56,64.86,ground3
10.46,39.89,60.18,ground3
447.14,-143.88,13.78,ground3
400.57,11.91,56.69,ground3
569.28,-213.38,-3.32,ground3
52.62,-16.54,59.02,ground3
126.42,-216.04,19.69,ground3
130.32,-183.33,17.12,ground3
318.29,-62.59,44.35,ground3
493.64,-29.71,19.34,ground3
205.60,-113.28,47.05,ground3
37.64,-224.78,61.96,ground3
444.93,-108.00,13.42,ground3
446.21,-6.72,13.67,ground3
198.16,-294.80,48.14,ground3
126.10,-191.83,19.87,ground3
440.71,-70.05,12.74,ground3
574.45,30.15,-11.11,ground3
557.49,31.21,7.93,ground3
574.45,-307.33,-11.11,ground3
402.35,-200.45,57.05,ground3
555.03,60.95,9.35,ground3
475.29,-222.56,17.90,ground3
319.43,-173.58,44.42,ground3
52.72,-251.13,59.14,ground3
161.66,-88.87,60.81,ground3
494.37,65.85,19.57,ground3
549.29,-267.27,12.47,ground3
439.37,-289.13,12.54,ground3
156.36,-206.20,63.74,ground3
188.84,-335.13,167.77,fault1
188.82,-352.55,167.71,fault1
243.11,-29.30,308.41,fault1
277.58,-26.30,397.75,fault1
146.20,-54.73,57.27,fault1
127.24,-84.43,8.15,fault1
295.82,37.42,445.01,fault1
197.74,-65.32,190.84,fault1
215.43,-221.80,236.68,fault1
189.06,-230.35,168.35,fault1
204.98,-274.44,209.59,fault1
139.08,-328.45,38.83,fault1
283.75,-114.92,413.72,fault1
174.45,-163.55,130.48,fault1
168.44,-69.43,114.91,fault1
129.46,-338.32,13.90,fault1
177.84,-148.18,139.27,fault1
286.93,-69.86,421.96,fault1
312.21,-363.38,487.49,fault1
149.34,-250.78,65.41,fault1
209.85,-62.64,222.21,fault1
149.07,-159.89,64.70,fault1
167.18,-334.23,111.65,fault1
259.21,15.19,350.13,fault1
215.71,-274.47,237.41,fault1
278.00,-268.15,398.84,fault1
258.55,-114.52,348.42,fault1
197.03,-149.06,189.00,fault1
264.90,-11.71,364.87,fault1
311.87,-39.26,486.61,fault1
286.12,75.99,419.86,fault1
204.94,67.78,209.50,fault1
158.69,-27.41,89.64,fault1
302.55,-84.55,462.45,fault1
193.54,-204.29,179.96,fault1
172.62,-361.14,125.74,fault1
177.88,-115.44,139.38,fault1
287.10,-281.92,422.41,fault1
268.22,-69.10,373.47,fault1
204.83,-120.74,209.21,fault1
247.91,-273.77,320.85,fault1
264.74,-114.59,364.46,fault1
305.69,-129.63,470.59,fault1
165.43,-26.34,107.11,fault1
296.32,-144.81,446.30,fault1
137.03,21.55,33.51,fault1
187.86,-166.67,165.23,fault1
232.02,-10.99,279.68,fault1
231.93,-352.65,279.43,fault1
293.26,-189.98,438.38,fault1
286.08,-334.09,419.75,fault1
198.93,-10.36,193.91,fault1
183.42,-361.25,153.72,fault1
127.30,-24.25,8.29,fault1
130.35,-159.62,16.19,fault1
215.74,67.71,237.47,fault1
221.12,-300.58,251.43,fault1
226.04,-203.40,264.18,fault1
134.86,-340.21,27.88,fault1
204.91,50.48,209.41,fault1
164.37,-268.50,104.36,fault1
215.71,50.38,237.41,fault1
248.66,-38.05,322.80,fault1
291.36,102.11,433.44,fault1
149.87,20.89,66.79,fault1
231.92,-335.30,279.40,fault1
278.25,-205.06,399.46,fault1
188.54,-7.97,167.00,fault1
307.44,81.21,475.12,fault1
145.04,75.49,54.25,fault1
253.26,-282.33,334.72,fault1
177.84,24.68,139.26,fault1
139.10,69.51,38.87,fault1
286.89,-129.99,421.87,fault1
194.13,50.64,181.48,fault1
257.85,-81.81,346.61,fault1
134.83,81.36,27.81,fault1
224.84,-147.38,261.05,fault1
258.99,67.53,349.57,fault1
315.26,66.01,495.38,fault1
214.27,-105.42,233.67,fault1
312.18,104.27,487.40,fault1
210.35,-283.19,223.52,fault1
214.27,-166.74,233.68,fault1
194.27,-256.71,181.84,fault1
210.19,-78.56,223.09,fault1
276.03,-10.47,393.71,fault1
242.73,93.66,307.43,fault1
210.37,-352.65,223.56,fault1
248.00,-162.65,321.07,fault1
149.17,-129.84,64.98,fault1
150.11,-9.49,67.39,fault1
302.28,-24.16,461.75,fault1
167.94,-250.92,113.60,fault1
231.86,-283.06,279.25,fault1
226.54,102.33,265.47,fault1
268.87,-194.89,375.16,fault1
237.29,-326.57,293.34,fault1
302.08,6.35,461.22,fault1
183.36,67.79,153.57,fault1
169.01,-39.04,116.39,fault1
232.05,-28.70,279.75,fault1
194.25,-309.06,181.80,fault1
158.57,-145.35,89.32,fault1
147.10,6.29,59.59,fault1
255.00,-200.34,339.23,fault1
237.67,-38.17,294.31,fault1
302.58,-204.96,462.52,fault1
126.52,-353.24,6.28,fault1
242.81,24.11,307.63,fault1
230.19,-138.42,274.92,fault1
184.25,-217.80,155.87,fault1
178.49,-282.20,140.95,fault1
210.37,-300.58,223.56,fault1
286.90,-99.76,421.89,fault1
161.81,-361.04,97.72,fault1
221.01,-248.14,251.13,fault1
231.73,-230.24,278.93,fault1
135.51,-355.14,29.57,fault1
240.52,-138.99,301.70,fault1
275.10,-190.95,391.30,fault1
220.99,-28.01,251.09,fault1
265.02,-181.78,365.19,fault1
306.79,96.14,473.43,fault1
155.34,-281.75,80.95,fault1
215.41,-53.71,236.62,fault1
127.33,5.91,8.37,fault1
243.36,-193.95,309.06,fault1
203.01,-152.09,204.50,fault1
140.46,38.03,42.40,fault1
130.40,-69.42,16.33,fault1
191.10,-55.84,173.63,fault1
136.70,-250.28,32.64,fault1
312.87,-338.47,489.18,fault1
293.17,-99.72,438.13,fault1
231.94,93.66,279.46,fault1
311.73,21.31,486.22,fault1
167.38,-297.89,112.16,fault1
305.59,-280.87,470.32,fault1
258.45,-254.72,348.17,fault1
163.87,-204.90,103.07,fault1
246.17,-144.52,316.34,fault1
274.17,-281.46,388.91,fault1
194.14,-132.72,181.50,fault1
178.53,-223.91,141.06,fault1
136.75,-280.72,32.79,fault1
242.78,41.56,307.55,fault1
264.81,-83.62,364.63,fault1
226.54,-361.33,265.47,fault1
149.01,-189.93,64.55,fault1
127.24,-234.81,8.14,fault1
146.46,37.33,57.94,fault1
305.34,-8.93,469.68,fault1
156.29,93.34,83.41,fault1
145.56,93.95,55.62,fault1
296.30,-84.64,446.24,fault1
149.24,-99.72,65.15,fault1
305.68,-220.02,470.56,fault1
130.25,-310.33,15.95,fault1
302.53,-235.31,462.39,fault1
221.14,76.35,251.48,fault1
183.34,50.59,153.52,fault1
296.05,-24.61,445.60,fault1
297.27,-334.33,448.75,fault1
252.90,-229.99,333.79,fault1
130.12,-363.27,15.60,fault1
204.40,-204.31,208.08,fault1
283.79,-84.78,413.83,fault1
277.69,-176.38,398.02,fault1
215.47,-87.41,236.77,fault1
167.15,93.56,111.57,fault1
283.78,-145.30,413.79,fault1
275.14,-334.21,391.40,fault1
292.29,-9.30,435.85,fault1
127.23,-144.56,8.10,fault1
183.62,-255.02,154.25,fault1
156.31,-352.02,83.48,fault1
130.09,104.38,15.51,fault1
283.79,-55.21,413.82,fault1
286.83,-251.26,421.71,fault1
149.36,-40.11,65.47,fault1
253.72,-10.66,335.91,fault1
236.39,-167.32,290.99,fault1
188.77,76.46,167.59,fault1
280.50,-361.03,405.29,fault1
315.06,-234.84,494.87,fault1
204.98,-361.32,209.59,fault1
127.35,36.19,8.42,fault1
199.56,76.46,195.54,fault1
291.73,-307.92,434.40,fault1
253.16,-246.48,334.46,fault1
296.16,-296.24,445.89,fault1
291.96,-324.54,435.01,fault1
281.60,15.01,408.14,fault1
293.23,-159.92,438.29,fault1
168.16,-100.00,114.19,fault1
268.70,-254.43,374.73,fault1
178.34,-299.98,140.55,fault1
140.28,-361.87,41.92,fault1
199.44,-230.74,195.24,fault1
197.75,-117.31,190.86,fault1
221.10,-283.15,251.37,fault1
293.17,-129.82,438.14,fault1
215.76,-361.33,237.53,fault1
221.04,-10.58,251.20,fault1
220.96,-62.67,251.00,fault1
285.99,-352.01,419.54,fault1
185.19,-64.05,158.32,fault1
255.57,-130.47,340.69,fault1
237.27,-309.17,293.28,fault1
136.70,-69.49,32.65,fault1
178.07,-334.85,139.85,fault1
302.02,102.87,461.08,fault1
221.10,24.29,251.38,fault1
257.98,-183.71,346.94,fault1
194.23,-326.50,181.75,fault1
146.00,-144.80,56.75,fault1
149.10,-220.23,64.78,fault1
253.48,-352.54,335.29,fault1
198.35,-194.88,192.41,fault1
231.99,-64.28,279.59,fault1
161.79,102.26,97.67,fault1
275.15,93.55,391.45,fault1
177.27,-181.93,137.78,fault1
137.00,-9.02,33.42,fault1
237.32,-361.32,293.40,fault1
286.02,93.38,419.61,fault1
184.34,-115.04,156.12,fault1
264.28,-352.38,363.28,fault1
177.98,93.65,139.63,fault1
199.58,-248.32,195.60,fault1
249.90,-129.96,326.00,fault1
166.81,23.78,110.68,fault1
274.47,-219.14,389.69,fault1
263.97,-299.94,362.47,fault1
184.12,-82.55,155.55,fault1
158.49,-235.91,89.12,fault1
277.63,-55.07,397.87,fault1
293.11,-39.97,437.99,fault1
248.05,-326.45,321.22,fault1
315.06,-54.35,494.86,fault1
218.67,-136.24,245.06,fault1
165.05,-84.81,106.11,fault1
204.99,-309.23,209.63,fault1
150.96,-360.98,69.59,fault1
155.67,-69.81,81.80,fault1
130.53,-9.09,16.66,fault1
139.82,-84.56,40.74,fault1
311.94,-219.86,486.77,fault1
136.79,-39.39,32.87,fault1
237.19,-203.47,293.06,fault1
237.33,102.33,293.43,fault1
226.25,-221.42,264.72,fault1
203.86,-37.13,206.69,fault1
160.75,-0.88,94.97,fault1
302.08,-297.24,461.23,fault1
218.92,-117.05,245.71,fault1
312.84,79.32,489.10,fault1
167.65,-219.27,112.86,fault1
215.75,-309.29,237.51,fault1
172.60,102.30,125.68,fault1
311.85,-280.41,486.55,fault1
140.25,-297.11,41.85,fault1
188.73,42.07,167.48,fault1
149.31,-69.76,65.33,fault1
248.26,15.39,321.75,fault1
173.57,-255.03,128.19,fault1
242.93,-11.13,307.95,fault1
315.07,-114.49,494.89,fault1
315.78,94.24,496.72,fault1
156.17,75.90,83.11,fault1
302.51,-54.47,462.35,fault1
172.50,67.53,125.41,fault1
226.54,50.30,265.46,fault1
136.62,-219.96,32.45,fault1
210.36,93.70,223.53,fault1
199.57,93.72,195.58,fault1
215.75,102.34,237.52,fault1
274.98,-297.85,390.99,fault1
305.34,52.91,469.67,fault1
242.63,-300.34,307.16,fault1
208.07,-106.86,217.62,fault1
315.05,-264.97,494.85,fault1
145.03,-334.36,54.24,fault1
315.08,-174.63,494.91,fault1
161.73,-306.19,97.51,fault1
275.36,41.00,391.98,fault1
274.36,-161.79,389.40,fault1
204.75,15.78,208.99,fault1
237.35,67.63,293.48,fault1
231.88,-300.52,279.32,fault1
198.44,-178.29,192.64,fault1
231.61,-82.37,278.61,fault1
302.02,-361.87,461.07,fault1
225.21,-166.42,262.02,fault1
255.48,-64.54,340.46,fault1
247.84,-256.28,320.66,fault1
248.44,-203.63,322.23,fault1
231.97,24.15,279.53,fault1
236.80,-92.48,292.04,fault1
210.14,-230.77,222.96,fault1
127.26,-54.36,8.19,fault1
221.14,-335.32,251.49,fault1
219.97,-175.69,248.45,fault1
193.99,-165.78,181.13,fault1
291.97,66.27,435.04,fault1
207.20,-139.18,215.35,fault1
411.61,-115.46,48.96,fault2
300.91,14.80,199.57,fault2
411.62,-175.59,48.96,fault2
300.94,48.85,199.54,fault2
396.20,22.73,69.94,fault2
411.67,-145.57,48.89,fault2
353.34,-309.53,128.24,fault2
266.19,-275.14,246.81,fault2
293.19,-72.08,210.07,fault2
240.38,-105.79,281.93,fault2
292.98,-283.41,210.36,fault2
427.05,-130.50,27.96,fault2
303.67,-40.60,195.82,fault2
380.63,-177.01,91.11,fault2
245.30,-56.62,275.23,fault2
374.47,-193.43,99.49,fault2
342.21,-107.25,143.38,fault2
311.30,-177.75,185.44,fault2
399.08,-302.56,66.01,fault2
240.37,-39.62,281.94,fault2
418.41,-337.92,39.71,fault2
391.58,-26.76,76.21,fault2
247.63,-277.65,272.06,fault2
318.30,48.66,175.91,fault2
304.31,-166.09,194.94,fault2
266.29,-360.28,246.67,fault2
239.71,-253.19,282.84,fault2
289.38,-204.78,215.25,fault2
406.04,43.45,56.54,fault2
309.70,-334.93,187.61,fault2
326.92,-351.99,164.19,fault2
408.26,-278.23,53.52,fault2
427.02,-70.76,28.00,fault2
292.29,23.59,211.30,fault2
254.92,-27.06,262.14,fault2
260.74,-40.15,254.23,fault2
245.18,-116.01,275.40,fault2
427.04,-190.20,27.97,fault2
309.18,-11.98,188.32,fault2
410.14,3.63,50.96,fault2
237.00,51.23,286.52,fault2
427.07,-160.42,27.94,fault2
363.20,-12.24,114.83,fault2
365.64,-130.52,111.51,fault2
435.58,74.43,16.35,fault2
292.65,-300.61,210.81,fault2
426.98,-41.06,28.05,fault2
416.67,-353.64,42.08,fault2
353.83,-274.93,127.58,fault2
364.31,-68.77,113.32,fault2
275.97,-117.19,233.50,fault2
309.83,-88.80,187.43,fault2
240.40,-69.43,281.90,fault2
309.59,91.08,187.77,fault2
318.24,-360.49,176.00,fault2
240.27,-125.42,282.08,fault2
240.40,-75.79,281.90,fault2
240.12,-154.99,282.28,fault2
406.50,-130.52,55.92,fault2
411.51,-234.33,49.10,fault2
288.10,-56.90,217.00,fault2
247.39,13.32,272.38,fault2
309.60,-57.01,187.76,fault2
241.13,-291.76,280.90,fault2
390.84,-176.47,77.23,fault2
248.80,64.99,270.47,fault2
381.53,-24.61,89.88,fault2
388.71,48.46,80.12,fault2
365.00,-230.34,112.38,fault2
346.97,-229.50,136.90,fault2
437.32,-130.50,13.98,fault2
266.06,48.33,246.99,fault2
240.22,-323.09,282.15,fault2
370.14,99.55,105.38,fault2
426.64,-11.52,28.52,fault2
240.40,-80.95,281.90,fault2
316.17,-124.82,178.81,fault2
379.94,-251.96,92.06,fault2
421.89,-55.87,34.98,fault2
257.96,-300.39,258.01,fault2
292.27,74.21,211.33,fault2
352.78,-360.53,129.00,fault2
341.18,-91.07,144.78,fault2
273.06,-175.09,237.46,fault2
361.59,91.11,117.01,fault2
240.38,-110.75,281.93,fault2
292.30,-351.94,211.29,fault2
426.73,-249.15,28.39,fault2
240.40,-63.84,281.90,fault2
437.08,-310.22,14.32,fault2
274.68,23.33,235.26,fault2
371.37,-276.00,103.71,fault2
320.54,-219.15,172.87,fault2
327.89,-27.87,162.86,fault2
442.36,-264.53,7.13,fault2
329.56,-82.04,160.60,fault2
239.65,-342.21,282.92,fault2
302.47,-257.33,197.45,fault2
259.11,-189.98,256.45,fault2
405.55,-249.56,57.21,fault2
395.79,-69.92,70.48,fault2
406.36,-70.41,56.11,fault2
427.31,-314.38,27.60,fault2
390.95,-115.27,77.08,fault2
336.11,14.30,151.68,fault2
240.12,-164.28,282.28,fault2
421.90,-115.52,34.96,fault2
288.80,-26.67,216.05,fault2
442.37,3.41,7.11,fault2
274.82,-334.70,235.07,fault2
319.55,-202.65,174.21,fault2
275.31,-283.27,234.41,fault2
380.97,-146.00,90.65,fault2
353.13,48.69,128.52,fault2
293.91,-40.70,209.10,fault2
328.30,-63.67,162.30,fault2
427.20,-330.93,27.75,fault2
420.90,55.60,36.33,fault2
259.32,-160.53,256.16,fault2
255.48,-86.10,261.39,fault2
236.05,5.81,287.82,fault2
270.88,-218.45,240.42,fault2
310.99,-195.60,185.87,fault2
371.64,-258.87,103.35,fault2
344.19,91.08,140.69,fault2
271.01,-101.61,240.26,fault2
303.91,-222.56,195.49,fault2
274.99,91.00,234.84,fault2
265.92,-325.76,247.17,fault2
275.13,-147.04,234.65,fault2
240.29,16.98,282.04,fault2
346.73,-29.92,137.24,fault2
311.42,-247.96,185.28,fault2
236.03,-315.35,287.84,fault2
300.94,99.55,199.53,fault2
274.72,-10.36,235.20,fault2
255.44,-56.20,261.43,fault2
274.91,74.03,234.95,fault2
425.13,70.17,30.56,fault2
283.48,15.12,223.29,fault2
417.46,79.39,41.00,fault2
379.34,-8.56,92.87,fault2
283.63,-326.34,223.08,fault2
391.59,-233.96,76.20,fault2
274.03,-202.07,236.14,fault2
240.38,-9.35,281.92,fault2
327.32,-300.60,163.64,fault2
257.28,-351.00,258.94,fault2
396.19,-40.43,69.94,fault2
318.22,99.53,176.03,fault2
284.97,-257.37,221.26,fault2
389.59,-275.57,78.92,fault2
239.71,28.39,282.83,fault2
437.32,-100.65,13.99,fault2
405.37,-10.61,57.46,fault2
379.04,40.43,93.28,fault2
247.48,-2.00,272.26,fault2
302.78,-104.47,197.02,fault2
239.97,82.94,282.49,fault2
339.91,-200.44,146.52,fault2
300.59,-135.55,200.00,fault2
346.68,-134.49,137.31,fault2
310.35,-283.32,186.73,fault2
421.77,-262.26,35.14,fault2
244.70,-28.62,276.05,fault2
249.11,99.40,270.04,fault2
405.82,17.69,56.84,fault2
344.48,40.08,140.30,fault2
271.38,-71.22,239.75,fault2
284.28,-274.62,222.20,fault2
345.95,-12.61,138.29,fault2
411.68,30.19,48.87,fault2
244.74,-205.04,275.99,fault2
240.15,-213.13,282.24,fault2
370.68,65.78,104.65,fault2
442.45,-55.96,7.00,fault2
239.65,-345.99,282.92,fault2
336.67,-135.83,150.93,fault2
374.94,-36.74,98.85,fault2
424.02,100.92,32.07,fault2
407.65,69.26,54.36,fault2
350.19,-117.43,132.53,fault2
405.55,-360.76,57.22,fault2
260.07,-220.71,255.14,fault2
352.78,99.55,129.00,fault2
327.60,-10.88,163.25,fault2
354.48,-257.07,126.69,fault2
247.36,-322.55,272.43,fault2
236.05,4.63,287.82,fault2
288.26,-222.86,216.79,fault2
256.98,22.25,259.34,fault2
319.70,-256.42,174.01,fault2
318.35,14.47,175.85,fault2
337.03,-256.22,150.44,fault2
254.37,-205.01,262.89,fault2
239.80,-20.83,282.71,fault2
239.71,-244.40,282.84,fault2
344.67,-300.77,140.04,fault2
379.26,-352.13,92.98,fault2
389.18,-327.13,79.48,fault2
327.63,-283.09,163.22,fault2
344.21,-352.03,140.66,fault2
361.62,-352.07,116.98,fault2
255.20,-116.00,261.76,fault2
387.69,99.59,81.50,fault2
390.61,-54.77,77.53,fault2
236.03,-294.94,287.84,fault2
357.28,-204.11,122.88,fault2
388.20,15.23,80.81,fault2
406.40,-100.35,56.05,fault2
241.35,-355.01,280.61,fault2
291.18,-135.31,212.82,fault2
301.90,-274.70,198.23,fault2
421.68,-234.30,35.26,fault2
237.00,46.22,286.52,fault2
370.57,48.98,104.80,fault2
310.02,-300.67,187.18,fault2
405.48,100.66,57.31,fault2
395.83,-11.66,70.43,fault2
396.22,-160.98,69.90,fault2
338.36,-218.80,148.63,fault2
254.68,-234.66,262.47,fault2
353.60,14.19,127.89,fault2
236.03,-300.71,287.84,fault2
